file_name,label
ef758bec-img_0731_box0_1.png,0
e14dd10b-img_0740_box0_8.png,0
e8b333ae-img_1155_box0_6.png,0
bb7793ed-img_0460_box0_5.png,0
e57dc4ba-img_0983_box0_5.png,0
c9897947-img_0808_box0_1.png,0
baac19c8-img_1612_box0_4.png,0
fa7a03ea-img_0353_box0_1.png,0
f02894ae-img_0184_box7_1.png,0
bab5d410-img_0977_box0_0.png,0
cb6fa2a4-img_1917_box0_7.png,0
bd5449ec-img_1676_box0_3.png,0
bd722347-img_1221_box0_0.png,0
e27d3f16-img_1770_box0_3.png,0
f945150e-img_0946_box0_0.png,0
dda0864d-img_1912_box0_7.png,0
e548446b-img_1490_box0_0.png,0
f567628d-img_1148_box0_1.png,0
c5638fb9-img_0377_box0_1.png,0
bf876c00-img_1632_box0_7.png,0
c3d0d2c1-img_1989_box0_8.png,0
fcd1d8c9-img_0195_box1_7.png,0
fa6c9720-img_0300_box0_9.png,0
db92ddb6-img_1111_box0_0.png,0
b3007a3e-img_0286_box0_2.png,0
e524ae78-img_0115_box1_0.png,0
f51bce8a-img_0348_box0_4.png,0
fc8a0cdd-img_0807_box0_6.png,0
f6b1e361-img_1260_box0_4.png,0
c091f53a-img_1124_box0_6.png,0
df91fe09-img_0541_box0_2.png,0
b9253686-img_0606_box0_6.png,0
f8c88cb5-img_1849_box0_0.png,0
c6f01859-img_0002_box0_0.png,0
da7d4eee-img_1488_box1_6.png,0
d2b04a8d-img_1500_box0_6.png,0
da561f1e-img_1014_box0_0.png,0
ed2a4138-img_0238_box0_0.png,0
bf876c00-img_1632_box0_1.png,0
d25cb498-img_1038_box0_4.png,0
d2c4ee86-img_0497_box0_2.png,0
f7995d97-img_1582_box0_4.png,0
bb625d57-img_1493_box0_2.png,0
bab5d410-img_0977_box0_6.png,0
dff2d15a-img_0293_box0_1.png,0
b681b5e8-img_0800_box0_0.png,0
b736e728-img_0321_box0_2.png,0
c178160c-img_1120_box1_2.png,0
dad7dc44-img_1442_box0_0.png,0
ed8915cc-img_1023_box0_1.png,0
f242adf2-img_1139_box1_7.png,0
cbd11712-img_1132_box0_6.png,0
d4cdc239-img_1755_box0_8.png,0
c1cb1fd6-img_0093_box0_0.png,0
efa7f1b3-img_1562_box0_3.png,0
f02894ae-img_0184_box3_6.png,0
e8b333ae-img_1155_box1_1.png,0
f4e694e9-img_1559_box0_2.png,0
dc000f60-img_0292_box0_6.png,0
c3d0d2c1-img_1989_box0_0.png,0
f59c0567-img_0442_box0_3.png,0
bb8c64bb-img_1176_box0_1.png,0
c1de7f6f-img_1578_box0_6.png,0
bfdd0eb6-img_1683_box0_6.png,0
ccb9a03c-img_0199_box0_6.png,0
ef12392f-img_1742_box0_0.png,0
eea8cde2-img_0434_box0_0.png,0
cd6b3923-img_0665_box0_8.png,0
dd6bd05e-img_1396_box0_0.png,0
cffab8b6-img_1033_box0_3.png,0
e36c625f-img_0528_box0_0.png,0
cc9e0c53-img_1863_box0_7.png,0
dff2d15a-img_0293_box0_3.png,0
bc6e16f5-img_0860_box0_0.png,0
bc2bacb2-img_0797_box0_0.png,0
c2c9ebed-img_1096_box0_0.png,0
dd239d0a-img_0019_box0_0.png,0
bee73163-img_0999_box0_6.png,0
ca487165-img_0263_box0_0.png,0
ba42e381-img_0913_box0_0.png,0
f02894ae-img_0184_box5_2.png,0
eb977267-img_0971_box0_0.png,0
ed2a4138-img_0238_box0_1.png,0
f0561c12-img_1819_box0_1.png,0
e138badb-img_1536_box0_6.png,0
f59c0567-img_0442_box0_0.png,0
e293948e-img_0518_box0_0.png,0
bd4667b1-img_1179_box0_2.png,0
d6e84e6d-img_0586_box0_1.png,0
e6b0ec02-img_1901_box0_3.png,0
b736e728-img_0321_box0_0.png,0
f152cd38-img_0094_box0_0.png,0
ecc53255-img_0427_box0_0.png,0
e0ab5309-img_0416_box0_0.png,0
ebaef50e-img_1495_box0_6.png,0
c7db387b-img_0790_box0_0.png,0
f02894ae-img_0184_box0_6.png,0
f467608e-img_0333_box0_0.png,0
fcd1d8c9-img_0195_box0_1.png,0
cc8f58bf-img_1914_box0_0.png,0
b98a1d9b-img_1123_box0_7.png,0
ed8915cc-img_1023_box0_0.png,0
c0df70ac-img_1623_box0_8.png,0
bc711ef4-img_1649_box0_0.png,0
fcd1d8c9-img_0195_box0_3.png,0
e5009a40-img_1258_box0_6.png,0
bb7793ed-img_0460_box0_0.png,0
c5638fb9-img_0377_box0_9.png,0
d25cb498-img_1038_box0_0.png,0
cc6acb8b-img_0457_box0_0.png,0
c9dd45a7-img_0201_box0_6.png,0
f02894ae-img_0184_box4_6.png,0
d3bf80f1-img_0961_box0_0.png,0
b523d116-img_1790_box0_0.png,0
e27d3f16-img_1770_box0_0.png,0
ead7fa43-img_1405_box0_6.png,0
e5016549-img_1693_box0_2.png,0
e60040d8-img_1375_box0_0.png,0
0b29c0c0-img_1254_box0_2.png,0
f02894ae-img_0184_box6_0.png,0
b523d116-img_1790_box0_6.png,0
c1d1f24d-img_1142_box1_5.png,0
d3a084d6-img_0318_box0_0.png,0
b3007a3e-img_0286_box0_3.png,0
d20b9204-img_0582_box0_0.png,0
b575bda8-img_0378_box0_0.png,0
dd6bd05e-img_1396_box0_6.png,0
ec10a42d-img_0553_box0_9.png,0
e70411e3-img_1636_box0_0.png,0
0a8fdbf9-img_1846_box0_0.png,0
be9736f9-img_1454_box0_2.png,0
e13a2f38-img_1392_box0_0.png,0
f02894ae-img_0184_box7_2.png,0
dcd5e01d-img_0296_box0_2.png,0
e69265f9-img_0906_box0_0.png,0
b08288a2-img_1610_box0_3.png,0
b9253686-img_0606_box0_2.png,0
0a4ed302-img_0779_box0_7.png,0
e733638a-img_1235_box2_0.png,0
f4f74b49-img_0096_box0_0.png,0
e23828a1-img_1154_box0_4.png,0
f848590b-img_2018_box0_8.png,0
c4b838c5-img_0260_box0_1.png,0
e138badb-img_1536_box0_0.png,0
d20ced95-img_1699_box0_6.png,0
db2ed460-img_0968_box0_6.png,0
c6813a00-img_1784_box0_0.png,0
c5b1fcb9-img_1149_box1_0.png,0
c9e837cd-img_1640_box0_4.png,0
cd6b3923-img_0665_box0_3.png,0
fcd1d8c9-img_0195_box1_6.png,0
0a9c6e93-img_0108_box0_0.png,0
de52cd15-img_0022_box0_4.png,0
b721326d-img_1554_box0_0.png,0
fbf737e2-img_0205_box0_2.png,0
b9253686-img_0606_box0_0.png,0
fade15a3-img_0853_box0_2.png,0
bacd5d7a-img_1909_box0_4.png,0
e2b6b788-img_1858_box0_2.png,0
f945150e-img_0946_box0_7.png,0
0b2d1bf4-img_1878_box0_2.png,0
bc05f4bf-img_1743_box0_8.png,0
e2a8127d-img_1075_box0_0.png,0
f569b10c-img_1397_box0_0.png,0
b575bda8-img_0378_box0_1.png,0
bc711ef4-img_1649_box0_8.png,0
dcd5e01d-img_0296_box0_1.png,0
e643f8bf-img_0284_box0_1.png,0
c2434b82-img_0387_box0_2.png,0
be3b82f9-img_1750_box0_0.png,0
c5b1fcb9-img_1149_box1_1.png,0
dda0864d-img_1912_box0_0.png,0
b850b103-img_0346_box0_0.png,0
e95ed0d3-img_0369_box0_0.png,0
c02d1402-img_0373_box0_0.png,0
da561f1e-img_1014_box0_4.png,0
b736e728-img_0321_box0_6.png,0
eb066ca8-img_1646_box0_6.png,0
e81feee5-img_0844_box0_7.png,0
cbe8b14e-img_0893_box0_7.png,0
bfd067a8-img_1886_box0_0.png,0
f3580ba4-img_0459_box0_0.png,0
bff31831-img_0761_box0_8.png,0
b721326d-img_1554_box0_2.png,0
bb7d2bce-img_1769_box0_0.png,0
ff2623c1-img_1332_box0_0.png,0
c9897947-img_0808_box0_0.png,0
da561f1e-img_1014_box0_2.png,0
fcd1d8c9-img_0195_box1_5.png,0
c4a8928d-img_0252_box0_1.png,0
d5ced8a0-img_1320_box0_0.png,0
fc82296d-img_0712_box0_3.png,0
c98548a6-img_0567_box0_7.png,0
c871c23b-img_0590_box0_0.png,0
d3a084d6-img_0318_box0_8.png,0
0a9c6e93-img_0108_box0_7.png,0
b54824b6-img_0402_box0_9.png,0
d8298746-img_1158_box0_1.png,0
f02894ae-img_0184_box7_0.png,0
fc837339-img_0630_box0_7.png,0
d723f3d8-img_1671_box0_6.png,0
b08288a2-img_1610_box0_0.png,0
efa7f1b3-img_1562_box0_4.png,0
eb28362f-img_0155_box0_0.png,0
c5e5ca12-img_1736_box0_0.png,0
f982cd50-img_1933_box0_8.png,0
f6174e0c-img_1135_box0_0.png,0
cbe62df5-img_1907_box0_8.png,0
ee1b5b49-img_1668_box0_2.png,0
dda20edc-img_0965_box0_0.png,0
db92ddb6-img_1111_box0_4.png,0
dcc1b54e-img_1518_box0_0.png,0
ebd9a8ca-img_1335_box0_0.png,0
f6174e0c-img_1135_box0_6.png,0
ef64aa05-img_1698_box0_0.png,0
e9c55cd6-img_1870_box0_0.png,0
d9f4ed38-img_0423_box0_0.png,0
d4346481-img_1393_box0_0.png,0
cd0a59d3-img_1496_box0_0.png,0
fbd1e025-img_0249_box0_2.png,0
f02894ae-img_0184_box6_6.png,0
bb625d57-img_1493_box0_0.png,0
dd239d0a-img_0019_box0_6.png,0
ef64aa05-img_1698_box0_7.png,0
da26ae27-img_1590_box0_6.png,0
d23e1010-img_0330_box0_0.png,0
f0561c12-img_1819_box0_7.png,0
eb5c13d1-img_0610_box0_7.png,0
ea452bc9-img_1270_box0_0.png,0
c5638fb9-img_0377_box0_0.png,0
da26ae27-img_1590_box0_1.png,0
e7b205be-img_1350_box0_1.png,0
fed264ab-img_1461_box0_0.png,0
bb4c326f-img_0027_box0_0.png,0
d4617598-img_1504_box0_1.png,0
d6d048ec-img_0375_box0_0.png,0
d73646ba-img_1081_box0_8.png,0
ebaef50e-img_1495_box0_0.png,0
e2b6b788-img_1858_box0_4.png,0
fbd1e025-img_0249_box0_0.png,0
bc2bacb2-img_0797_box0_3.png,0
b675497c-img_1253_box0_2.png,0
c5247e8a-img_0626_box0_1.png,0
cd0a59d3-img_1496_box0_3.png,0
bdccd8f5-img_0871_box0_7.png,0
d52a6436-img_0500_box1_0.png,0
e733638a-img_1235_box1_1.png,0
c9897947-img_0808_box0_8.png,0
c927740e-img_0524_box0_6.png,0
da26ae27-img_1590_box0_7.png,0
fbf737e2-img_0205_box0_0.png,0
c4732778-img_1575_box0_5.png,0
dfffb005-img_1003_box0_7.png,0
b88293ff-img_0685_box0_6.png,0
b3007a3e-img_0286_box0_0.png,0
e5acb424-img_0531_box0_7.png,0
c9e837cd-img_1640_box0_0.png,0
f8165b79-img_1481_box0_0.png,0
0b29c0c0-img_1254_box0_0.png,0
f2c92235-img_1377_box0_0.png,0
e2b6b788-img_1858_box0_1.png,0
d9278058-img_1103_box0_0.png,0
c85701a2-img_1583_box0_0.png,0
b575bda8-img_0378_box0_9.png,0
d346ae52-img_1762_box0_4.png,0
b681b5e8-img_0800_box0_8.png,0
f567628d-img_1148_box0_0.png,0
c091f53a-img_1124_box0_0.png,0
eff2d37d-img_0525_box0_0.png,0
be6a3dc0-img_0672_box0_6.png,0
cc9e0c53-img_1863_box0_2.png,0
f3fb8639-img_0032_box0_7.png,0
bc2bacb2-img_0797_box0_7.png,0
d723f3d8-img_1671_box0_0.png,0
cc784e8b-img_1328_box0_8.png,0
eb2ab965-img_1018_box0_8.png,0
fdc71ffd-img_0317_box0_8.png,0
f20b94eb-img_0240_box0_8.png,0
bdccd8f5-img_0871_box0_0.png,0
f02894ae-img_0184_box4_2.png,0
fe975dc7-img_0580_box0_0.png,0
ed134b7f-img_0235_box0_1.png,0
f3efdd87-img_0215_box0_0.png,0
eb5c13d1-img_0610_box0_3.png,0
f69036e3-img_1387_box0_0.png,0
c5247e8a-img_0626_box0_3.png,0
c4a117dd-img_0520_box0_2.png,0
d52a6436-img_0500_box0_0.png,0
fc82e5cc-img_0255_box0_1.png,0
e2b6b788-img_1858_box0_0.png,0
cbe8b14e-img_0893_box0_8.png,0
f219341f-img_1604_box0_6.png,0
f569b10c-img_1397_box0_7.png,0
be0122f8-img_0818_box0_0.png,0
ddbddb2b-img_1987_box0_8.png,0
c9e84dbd-img_1836_box0_0.png,0
f567628d-img_1148_box0_6.png,0
e574b0df-img_1242_box0_2.png,0
e72a0e62-img_0859_box0_1.png,0
b355a1ed-img_0289_box0_1.png,0
fc8a0cdd-img_0807_box0_0.png,0
eb5c13d1-img_0610_box0_0.png,0
b1819f06-img_1961_box0_0.png,0
c12e75d5-img_1054_box0_0.png,0
e69265f9-img_0906_box0_7.png,0
bfff1fd9-img_0876_box0_10.png,0
bb8c64bb-img_1176_box0_3.png,0
cbe95ea2-img_0274_box0_0.png,0
cbe95ea2-img_0274_box0_1.png,0
dacd2eb3-img_1105_box0_0.png,0
fec37ecb-img_0329_box0_0.png,0
e20370c5-img_2012_box0_8.png,0
f569b10c-img_1397_box0_6.png,0
bb7e8f43-img_0236_box0_0.png,0
bfd067a8-img_1886_box0_7.png,0
c02d1402-img_0373_box0_9.png,0
d23e1010-img_0330_box0_5.png,0
e7b205be-img_1350_box0_3.png,0
d20ced95-img_1699_box0_0.png,0
dee64040-img_0464_box0_8.png,0
ec3a0163-img_1304_box0_8.png,0
c0cc499a-img_1126_box0_8.png,0
b17921b3-img_0270_box0_0.png,0
e5c756a0-img_0200_box0_0.png,0
b721326d-img_1554_box0_5.png,0
fcd1d8c9-img_0195_box1_8.png,0
e7d54e17-img_1108_box0_0.png,0
cd120cc1-img_1070_box0_6.png,0
b9959b90-img_1203_box0_0.png,0
f04cdf4d-img_0786_box0_7.png,0
c23850b7-img_1979_box0_8.png,0
f3580ba4-img_0459_box0_5.png,0
e574b0df-img_1242_box0_4.png,0
c4732778-img_1575_box0_0.png,0
c5b1fcb9-img_1149_box0_7.png,0
e030770f-img_1874_box0_0.png,0
c2434b82-img_0387_box0_0.png,0
0a4ed302-img_0779_box0_0.png,0
d4346481-img_1393_box0_7.png,0
cc56b5bb-img_1724_box0_8.png,0
e8b333ae-img_1155_box1_0.png,0
bd9345f0-img_1025_box0_0.png,0
b675497c-img_1253_box0_1.png,0
fb84182b-img_1811_box0_8.png,0
dff2d15a-img_0293_box0_0.png,0
c4a8928d-img_0252_box0_3.png,0
cb68fb22-img_1510_box0_6.png,0
d3142344-img_1617_box0_0.png,0
d2b04a8d-img_1500_box0_0.png,0
bb7d2bce-img_1769_box0_6.png,0
d6d048ec-img_0375_box0_1.png,0
c0cc499a-img_1126_box0_0.png,0
cbe95ea2-img_0274_box0_4.png,0
bd1a6bf8-img_1200_box0_4.png,0
ef758bec-img_0731_box0_7.png,0
f6b1e361-img_1260_box0_6.png,0
be3b82f9-img_1750_box0_6.png,0
fe3a7ec2-img_0129_box0_1.png,0
c16cfca1-img_1450_box0_0.png,0
f8165b79-img_1481_box0_4.png,0
bb8c64bb-img_1176_box0_0.png,0
c4ad61c8-img_0021_box0_4.png,0
d4f70652-img_1107_box0_0.png,0
de074a68-img_1703_box0_0.png,0
c1d1f24d-img_1142_box1_0.png,0
ea452bc9-img_1270_box0_6.png,0
ba80bc20-img_1237_box0_0.png,0
eec293f5-img_0889_box0_8.png,0
b88293ff-img_0685_box0_0.png,0
c4a117dd-img_0520_box0_6.png,0
b83d3546-img_0558_box0_0.png,0
f567628d-img_1148_box0_7.png,0
f29226a4-img_0778_box0_0.png,0
f32d1cbe-img_0272_box0_0.png,0
cbb2c3e1-img_1130_box0_0.png,0
ff735df9-img_1163_box0_0.png,0
ec2020b8-img_1520_box0_6.png,0
cd525a06-img_1012_box0_8.png,0
f3efdd87-img_0215_box0_6.png,0
d3142344-img_1617_box0_6.png,0
e04764cf-img_1815_box0_0.png,0
b681b5e8-img_0800_box0_6.png,0
fade15a3-img_0853_box0_8.png,0
f4e694e9-img_1559_box0_0.png,0
ef555e1e-img_1664_box0_0.png,0
efc4131c-img_1616_box0_0.png,0
c091f53a-img_1124_box1_0.png,0
cbe8b14e-img_0893_box0_0.png,0
f467608e-img_0333_box0_9.png,0
e2a8127d-img_1075_box0_7.png,0
de687872-img_1963_box0_0.png,0
f848590b-img_2018_box0_3.png,0
c4b838c5-img_0260_box0_3.png,0
f927cf92-img_1605_box0_8.png,0
ee1b5b49-img_1668_box0_4.png,0
da7d4eee-img_1488_box1_4.png,0
c8092e87-img_1624_box0_6.png,0
c59f0adc-img_1652_box0_6.png,0
e1fb6604-img_1643_box0_0.png,0
e80f893c-img_1991_box0_8.png,0
b566e907-img_1071_box0_6.png,0
fc4ba2f5-img_0614_box0_0.png,0
ead7fa43-img_1405_box0_0.png,0
b54824b6-img_0402_box0_0.png,0
e04764cf-img_1815_box0_4.png,0
bcb65923-img_1068_box0_7.png,0
e643f8bf-img_0284_box0_0.png,0
c7db387b-img_0790_box0_6.png,0
d3bf80f1-img_0961_box0_6.png,0
f29226a4-img_0778_box0_7.png,0
dcc1b54e-img_1518_box0_6.png,0
ff2623c1-img_1332_box0_7.png,0
fec37ecb-img_0329_box0_5.png,0
c871c23b-img_0590_box0_6.png,0
d2459e13-img_0470_box0_5.png,0
b575bda8-img_0378_box0_3.png,0
dda16e82-img_1097_box0_6.png,0
f4e694e9-img_1559_box0_5.png,0
cb68fb22-img_1510_box0_4.png,0
e4b6fae6-img_0561_box0_4.png,0
b681b5e8-img_0800_box0_4.png,0
cc8f58bf-img_1914_box0_3.png,0
d52a6436-img_0500_box0_1.png,0
c1febc46-img_1596_box0_6.png,0
d3bc9b15-img_0167_box0_6.png,0
d346ae52-img_1762_box0_2.png,0
c49de6d9-img_0269_box0_0.png,0
fbdf5027-img_0047_box0_0.png,0
dc255a1f-img_0616_box0_0.png,0
f04cdf4d-img_0786_box0_1.png,0
df91fe09-img_0541_box0_0.png,0
f4f74b49-img_0096_box0_8.png,0
fb322478-img_1341_box0_4.png,0
f8641f3c-img_0071_box0_0.png,0
c3db92fd-img_1568_box0_8.png,0
d175b633-img_0694_box0_4.png,0
c3db92fd-img_1568_box0_7.png,0
ec3a0163-img_1304_box0_2.png,0
be6a3dc0-img_0672_box0_2.png,0
fb322478-img_1341_box0_0.png,0
dacd2eb3-img_1105_box0_8.png,0
cdb3737c-img_1056_box0_8.png,0
e3a62f26-img_0842_box0_5.png,0
f2c92235-img_1377_box0_2.png,0
bff31831-img_0761_box0_0.png,0
b99c28af-img_1957_box0_6.png,0
b566e907-img_1071_box0_8.png,0
fb322478-img_1341_box0_6.png,0
f9e69fc9-img_1715_box0_2.png,0
f15b0633-img_0645_box0_0.png,0
c2c9ebed-img_1096_box0_2.png,0
bd5449ec-img_1676_box0_0.png,0
bec89e06-img_1343_box0_0.png,0
b08288a2-img_1610_box0_6.png,0
f6b1e361-img_1260_box0_0.png,0
ee40173b-img_0391_box0_4.png,0
f7ea7b75-img_1342_box0_0.png,0
f737ce72-img_1678_box0_0.png,0
ef555e1e-img_1664_box0_7.png,0
e5009a40-img_1258_box0_0.png,0
ccb9a03c-img_0199_box0_7.png,0
e5c756a0-img_0200_box0_8.png,0
c3db92fd-img_1568_box0_1.png,0
bab5d410-img_0977_box0_7.png,0
bb704d64-img_0231_box0_0.png,0
c4c9b450-img_0404_box0_4.png,0
c4a8928d-img_0252_box0_7.png,0
f02894ae-img_0184_box7_6.png,0
f219341f-img_1604_box0_2.png,0
c1febc46-img_1596_box0_2.png,0
d4c7bff4-img_1227_box0_1.png,0
ddbddb2b-img_1987_box0_7.png,0
f02894ae-img_0184_box2_6.png,0
c23850b7-img_1979_box0_0.png,0
cffab8b6-img_1033_box0_8.png,0
d6066fc6-img_1170_box0_7.png,0
ef64aa05-img_1698_box0_4.png,0
b381a3c2-img_0376_box0_1.png,0
fcd1d8c9-img_0195_box1_3.png,0
c1de7f6f-img_1578_box0_0.png,0
c4c9b450-img_0404_box0_1.png,0
e5016549-img_1693_box0_4.png,0
e81feee5-img_0844_box0_1.png,0
b721326d-img_1554_box0_7.png,0
e7d54e17-img_1108_box0_4.png,0
fc1c5905-img_1540_box0_0.png,0
ee40173b-img_0391_box0_0.png,0
f4ec1193-img_0619_box0_7.png,0
b6786c4a-img_0058_box0_0.png,0
cb6fa2a4-img_1917_box0_0.png,0
b3007a3e-img_0286_box0_1.png,0
cd120cc1-img_1070_box0_4.png,0
ccb9a03c-img_0199_box1_6.png,0
e72a0e62-img_0859_box0_7.png,0
c5638fb9-img_0377_box0_3.png,0
c6813a00-img_1784_box0_6.png,0
b850b103-img_0346_box0_1.png,0
bd4667b1-img_1179_box0_0.png,0
bcbc4e25-img_1843_box0_0.png,0
ec2020b8-img_1520_box0_7.png,0
b736e728-img_0321_box0_9.png,0
cc56b5bb-img_1724_box0_4.png,0
e6cf3ed9-img_0690_box0_2.png,0
cc6acb8b-img_0457_box0_7.png,0
e3c3f37f-img_1045_box0_2.png,0
dba7b96a-img_0804_box0_7.png,0
e77cc8c4-img_1953_box0_0.png,0
e5acb424-img_0531_box0_0.png,0
e14dd10b-img_0740_box0_0.png,0
eb5c13d1-img_0610_box0_2.png,0
e25080c3-img_1178_box0_0.png,0
e3c3f37f-img_1045_box0_6.png,0
bcb65923-img_1068_box0_0.png,0
fed264ab-img_1461_box0_6.png,0
e6b0ec02-img_1901_box0_6.png,0
da780b77-img_0997_box0_7.png,0
d5ced8a0-img_1320_box0_8.png,0
e0ab5309-img_0416_box0_2.png,0
c2c9ebed-img_1096_box0_3.png,0
fbf737e2-img_0205_box0_6.png,0
b88293ff-img_0685_box0_9.png,0
f59c0567-img_0442_box0_2.png,0
e0ab5309-img_0416_box0_8.png,0
c11a5ac5-img_0268_box0_1.png,0
f219341f-img_1604_box0_0.png,0
db6ba796-img_1338_box0_0.png,0
de687872-img_1963_box0_8.png,0
de074a68-img_1703_box0_7.png,0
dee64040-img_0464_box0_0.png,0
bd722347-img_1221_box0_6.png,0
b88293ff-img_0685_box0_1.png,0
fc837339-img_0630_box0_0.png,0
d76972f3-img_0815_box0_0.png,0
ed134b7f-img_0235_box0_0.png,0
dccee259-img_0693_box0_7.png,0
f567628d-img_1148_box1_5.png,0
da166122-img_1972_box0_4.png,0
b3007a3e-img_0286_box0_5.png,0
cbb2c3e1-img_1130_box0_5.png,0
ea7aabf9-img_0627_box0_6.png,0
e63c4000-img_1109_box0_2.png,0
e8b333ae-img_1155_box0_0.png,0
bd4667b1-img_1179_box0_8.png,0
cdb3737c-img_1056_box0_0.png,0
e040e0ab-img_0613_box0_5.png,0
c8092e87-img_1624_box0_2.png,0
b381a3c2-img_0376_box0_0.png,0
c02d1402-img_0373_box0_7.png,0
fd94759a-img_1785_box0_0.png,0
c15daed8-img_1574_box0_7.png,0
cbe95ea2-img_0274_box0_9.png,0
e70411e3-img_1636_box0_4.png,0
eff2d37d-img_0525_box0_3.png,0
c9dd45a7-img_0201_box0_1.png,0
d5ced8a0-img_1320_box0_3.png,0
e1fb6604-img_1643_box0_3.png,0
c1b2d5bd-img_1947_box0_6.png,0
da26ae27-img_1590_box0_3.png,0
d19c372f-img_0291_box0_6.png,0
fdc71ffd-img_0317_box0_0.png,0
da780b77-img_0997_box0_0.png,0
c8092e87-img_1624_box0_7.png,0
dda16e82-img_1097_box0_4.png,0
d520f5c7-img_1177_box0_0.png,0
bcbc4e25-img_1843_box0_6.png,0
e6b21c5c-img_1138_box0_3.png,0
f59c0567-img_0442_box0_4.png,0
e80f893c-img_1991_box0_0.png,0
ccb9a03c-img_0199_box1_7.png,0
e63c4000-img_1109_box0_0.png,0
e7e1a918-img_1541_box0_8.png,0
bca2512c-img_0267_box0_1.png,0
c4a8928d-img_0252_box0_2.png,0
bec89e06-img_1343_box0_4.png,0
f02894ae-img_0184_box4_1.png,0
e3c3f37f-img_1045_box0_8.png,0
fba5cc31-img_1069_box0_2.png,0
d6066fc6-img_1170_box0_0.png,0
c15daed8-img_1574_box0_8.png,0
d73646ba-img_1081_box0_7.png,0
bb691c85-img_1990_box0_0.png,0
f02894ae-img_0184_box4_0.png,0
e95ed0d3-img_0369_box0_9.png,0
c4732778-img_1575_box0_2.png,0
bcb65923-img_1068_box0_6.png,0
c4c9b450-img_0404_box0_2.png,0
f927cf92-img_1605_box0_7.png,0
bd1a6bf8-img_1200_box0_5.png,0
fc4ba2f5-img_0614_box0_8.png,0
bee73163-img_0999_box0_8.png,0
fc82e5cc-img_0255_box0_0.png,0
c5b1fcb9-img_1149_box0_0.png,0
f898df11-img_1595_box0_0.png,0
cd120cc1-img_1070_box0_0.png,0
dd6bd05e-img_1396_box0_2.png,0
d6e84e6d-img_0586_box0_6.png,0
bfd067a8-img_1886_box0_4.png,0
eea8cde2-img_0434_box0_9.png,0
ee40173b-img_0391_box0_7.png,0
f02894ae-img_0184_box5_6.png,0
e20be7c6-img_1822_box0_0.png,0
f927cf92-img_1605_box0_2.png,0
b83d3546-img_0558_box0_6.png,0
c927740e-img_0524_box0_0.png,0
dcd5e01d-img_0296_box0_0.png,0
fe3a7ec2-img_0129_box0_0.png,0
b75b0d8c-img_1634_box0_7.png,0
d87ed836-img_0830_box0_0.png,0
ccc6f9d7-img_0203_box0_0.png,0
e6b21c5c-img_1138_box0_0.png,0
d838a04d-img_0452_box0_6.png,0
c0cc499a-img_1126_box0_7.png,0
c98548a6-img_0567_box0_0.png,0
b98a1d9b-img_1123_box0_6.png,0
def317b2-img_1765_box0_8.png,0
db43b18d-img_1970_box0_8.png,0
f7995d97-img_1582_box0_0.png,0
c8092e87-img_1624_box0_0.png,0
e5219d7d-img_1485_box1_0.png,0
eb2ab965-img_1018_box0_0.png,0
ec2020b8-img_1520_box0_0.png,0
dc81e359-img_1719_box0_0.png,0
f3b24e72-img_0501_box0_0.png,0
eda49781-img_1720_box0_0.png,0
fadd389c-img_0001_box0_0.png,0
d4617598-img_1504_box0_7.png,0
baac19c8-img_1612_box0_0.png,0
f4f74b49-img_0096_box0_7.png,0
e7e1a918-img_1541_box0_0.png,0
d80a73e4-img_0691_box0_0.png,0
fc837339-img_0630_box0_4.png,0
c4b838c5-img_0260_box0_2.png,0
b75b0d8c-img_1634_box0_0.png,0
b73f3fc2-img_0276_box0_9.png,0
b73f3fc2-img_0276_box0_3.png,0
b73f3fc2-img_0276_box0_2.png,0
b73f3fc2-img_0276_box0_0.png,0
b71e0d24-img_1063_box0_0.png,0
b064fe88-img_1252_box0_0.png,0
b56da735-img_0275_box0_9.png,0
b56da735-img_0275_box0_2.png,0
b56da735-img_0275_box0_0.png,0
b56d79f8-img_0026_box0_0.png,0
b44a1413-img_0639_box0_1.png,0
b44a1413-img_0639_box0_0.png,0
b43cb27d-img_0441_box0_4.png,0
b43cb27d-img_0441_box0_3.png,0
b43cb27d-img_0441_box0_2.png,0
b43cb27d-img_0441_box0_0.png,0
b17db5dd-img_0136_box0_3.png,0
b17db5dd-img_0136_box0_1.png,0
b17db5dd-img_0136_box0_0.png,0
b13f9201-img_0676_box0_0.png,0
b9f55617-img_0316_box0_0.png,0
b9d70c25-img_1940_box0_0.png,0
b9d1ae09-img_1841_box0_0.png,0
b8c88453-img_0320_box0_9.png,0
b8c88453-img_0320_box0_6.png,0
b8c88453-img_0320_box0_2.png,0
b8c88453-img_0320_box0_0.png,0
b4a75b9b-img_1665_box0_7.png,0
b4a75b9b-img_1665_box0_0.png,0
b3cff1dc-img_1301_box0_7.png,0
b3cff1dc-img_1301_box0_3.png,0
b3cff1dc-img_1301_box0_0.png,0
b3ba44bc-img_1380_box0_6.png,0
b2e06da7-img_1904_box0_8.png,0
b2e06da7-img_1904_box0_3.png,0
b2e06da7-img_1904_box0_0.png,0
b2ce4c59-img_2001_box0_8.png,0
b2ce4c59-img_2001_box0_0.png,0
b2cbca1e-img_0737_box0_6.png,0
b2cbca1e-img_0737_box0_0.png,0
b2a43547-img_0707_box0_4.png,0
b2a43547-img_0707_box0_0.png,0
b0baf860-img_0335_box0_9.png,0
b0baf860-img_0335_box0_0.png,0
b0b29a7b-img_1191_box0_1.png,0
b0b29a7b-img_1191_box0_0.png,0
aff71620-img_2013_box0_8.png,0
afc45737-img_0411_box0_1.png,0
afba3cdc-img_0466_box0_7.png,0
afba3cdc-img_0466_box0_0.png,0
af27d531-img_0716_box0_0.png,0
af9d9c56-img_1692_box0_1.png,0
af9d9c56-img_1692_box0_0.png,0
adab00a6-img_1981_box0_8.png,0
adab00a6-img_1981_box0_0.png,0
ad97eebf-img_0498_box0_7.png,0
ad97eebf-img_0498_box0_0.png,0
ad10ff79-img_0390_box0_7.png,0
ad10ff79-img_0390_box0_4.png,0
ad10ff79-img_0390_box0_0.png,0
ad6aa300-img_0015_box0_1.png,0
ad2b331d-img_1756_box0_8.png,0
acc44457-img_1019_box0_0.png,0
ac2cf90d-img_0161_box0_0.png,0
abf63d70-img_1880_box0_6.png,0
abf63d70-img_1880_box0_0.png,0
abd01a62-img_1913_box0_4.png,0
ab87c00b-img_0221_box0_0.png,0
aaed818b-img_0271_box0_0.png,0
aae9475c-img_0751_box0_0.png,0
aadd87cc-img_1035_box0_8.png,0
aadd87cc-img_1035_box0_6.png,0
aadd87cc-img_1035_box0_0.png,0
aa1aa9c6-img_0334_box0_9.png,0
aa1aa9c6-img_0334_box0_0.png,0
a9608204-img_1514_box0_6.png,0
a9608204-img_1514_box0_3.png,0
a9608204-img_1514_box0_0.png,0
a0916289-img_1386_box0_6.png,0
a0916289-img_1386_box0_0.png,0
a543505a-img_1183_box0_7.png,0
a543505a-img_1183_box0_6.png,0
a543505a-img_1183_box0_4.png,0
a543505a-img_1183_box0_0.png,0
a38377dc-img_0449_box0_7.png,0
a38377dc-img_0449_box0_0.png,0
a8940af0-img_0433_box0_0.png,0
a4002c91-img_0494_box0_8.png,0
a4002c91-img_0494_box0_0.png,0
a03683e0-img_0837_box0_6.png,0
a03683e0-img_0837_box0_3.png,0
a03683e0-img_0837_box0_0.png,0
a939e128-img_0519_box0_3.png,0
a939e128-img_0519_box0_1.png,0
a739f31b-img_0917_box0_7.png,0
a718a448-img_1508_box0_6.png,0
a103b27c-img_1794_box0_8.png,0
a103b27c-img_1794_box0_4.png,0
a103b27c-img_1794_box0_3.png,0
a103b27c-img_1794_box0_2.png,0
a93a0316-img_1675_box0_0.png,0
a090df1e-img_1182_box0_7.png,0
a090df1e-img_1182_box0_3.png,0
a090df1e-img_1182_box0_0.png,0
a85ac013-img_1936_box0_0.png,0
a78b8582-img_0305_box0_4.png,0
a76d1cdc-img_1084_box0_6.png,0
a76d1cdc-img_1084_box0_0.png,0
a32f4040-img_0357_box0_8.png,0
a9c45d3b-img_0061_box0_1.png,0
a8d2edd5-img_1228_box0_6.png,0
a8cf3776-img_1869_box0_6.png,0
a8c66282-img_1608_box0_2.png,0
a8c66282-img_1608_box0_0.png,0
a8c04611-img_1591_box0_7.png,0
a8c04611-img_1591_box0_0.png,0
a8b2b7e7-img_0923_box0_0.png,0
a7da2905-img_0095_box0_0.png,0
a6eedece-img_0933_box0_0.png,0
a6de8742-img_1956_box0_0.png,0
a5f4a695-img_1642_box0_6.png,0
a5f4a695-img_1642_box0_0.png,0
a5d4455f-img_0714_box0_8.png,0
a5d4455f-img_0714_box0_2.png,0
a4be843b-img_0342_box0_0.png,0
a4b1bd1e-img_1896_box0_6.png,0
a4b1bd1e-img_1896_box0_2.png,0
a0e7bd45-img_1295_box0_0.png,0
a00e4cec-img_1799_box0_0.png,0
a0ba300e-img_0471_box0_8.png,0
a0ba300e-img_0471_box0_2.png,0
a0ab7fac-img_0673_box0_8.png,0
a0ab7fac-img_0673_box0_3.png,0
a0a9e640-img_1398_box0_6.png,0
a0a9e640-img_1398_box0_4.png,0
a0a9e640-img_1398_box0_0.png,0
98984714-img_0354_box0_1.png,0
97581435-img_1589_box0_0.png,0
97257941-img_1426_box0_6.png,0
60295325-img_0839_box0_4.png,0
60295325-img_0839_box0_2.png,0
60295325-img_0839_box0_0.png,0
60202219-img_1791_box0_6.png,0
57439959-img_1326_box0_7.png,0
57439959-img_1326_box0_0.png,0
55722621-img_0351_box0_9.png,0
55722621-img_0351_box0_6.png,0
55722621-img_0351_box0_0.png,0
33980730-img_0854_box0_8.png,0
33980730-img_0854_box0_3.png,0
33980730-img_0854_box0_0.png,0
32576090-img_1247_box0_6.png,0
32576090-img_1247_box0_0.png,0
24282734-img_0788_box0_0.png,0
20384117-img_1136_box0_7.png,0
20384117-img_1136_box0_1.png,0
20384117-img_1136_box0_0.png,0
9808329b-img_1064_box0_6.png,0
9808329b-img_1064_box0_1.png,0
09508290-img_0048_box0_1.png,0
9320835b-img_1888_box0_0.png,0
7819899c-img_1716_box0_5.png,0
7819899c-img_1716_box0_3.png,0
7819899c-img_1716_box0_0.png,0
7628777a-img_1627_box0_1.png,0
7628777a-img_1627_box0_0.png,0
6968737b-img_1806_box0_0.png,0
e5016549-img_1693_box0_9.png,1
ed5ba531-img_1611_box0_5.png,1
282197c8-img_1140_box0_7.png,1
6007861f-img_0746_box0_9.png,1
fdeb1a7b-img_1230_box1_5.png,1
ef758bec-img_0731_box0_0.png,1
a93a0316-img_1675_box0_7.png,1
87492f67-img_0211_box0_7.png,1
32576090-img_1247_box0_8.png,1
fd94759a-img_1785_box0_7.png,1
ed2a4138-img_0238_box0_6.png,1
f02894ae-img_0184_box0_8.png,1
ead7fa43-img_1405_box0_7.png,1
e293948e-img_0518_box0_2.png,1
eda49781-img_1720_box0_7.png,1
744180c3-img_0785_box0_6.png,1
fc1c5905-img_1540_box0_3.png,1
e733638a-img_1235_box3_6.png,1
99311b49-img_1175_box1_9.png,1
e293948e-img_0518_box0_5.png,1
a8aa8be2-img_0337_box0_0.png,1
5670644d-img_0548_box0_6.png,1
a6eedece-img_0933_box0_5.png,1
a13f957e-img_1399_box0_5.png,1
ebd9a8ca-img_1335_box0_6.png,1
f3c8d977-img_1832_box0_4.png,1
27554478-img_1899_box0_7.png,1
a090df1e-img_1182_box0_5.png,1
f7995d97-img_1582_box0_6.png,1
fc82296d-img_0712_box0_1.png,1
efc4131c-img_1616_box0_5.png,1
f3c8d977-img_1832_box0_5.png,1
fc5bd41a-img_0053_box0_7.png,1
f945150e-img_0946_box0_9.png,1
a85ac013-img_1936_box0_9.png,1
f02894ae-img_0184_box2_8.png,1
5670644d-img_0548_box0_5.png,1
1256815d-img_1032_box0_4.png,1
2621567a-img_1781_box0_6.png,1
a7b1749d-img_1371_box0_0.png,1
e69265f9-img_0906_box0_9.png,1
933211f4-img_0960_box0_0.png,1
a7ce99b8-img_1842_box0_6.png,1
fb84182b-img_1811_box0_6.png,1
a0ba300e-img_0471_box0_5.png,1
a6af72e9-img_0820_box0_5.png,1
234086ae-img_0922_box0_8.png,1
ec2020b8-img_1520_box0_8.png,1
5896531d-img_0612_box0_2.png,1
f6b1e361-img_1260_box0_2.png,1
48811185-img_1394_box0_5.png,1
571785bc-img_1378_box0_9.png,1
fc8a0cdd-img_0807_box0_4.png,1
e5016549-img_1693_box0_6.png,1
09508290-img_0048_box0_5.png,1
a6de8742-img_1956_box0_8.png,1
57439959-img_1326_box0_6.png,1
fc8a0cdd-img_0807_box0_8.png,1
5896531d-img_0612_box0_3.png,1
ec2020b8-img_1520_box0_5.png,1
a9c45d3b-img_0061_box0_5.png,1
667363de-img_0776_box0_6.png,1
fcd1d8c9-img_0195_box2_9.png,1
33980730-img_0854_box0_5.png,1
48811185-img_1394_box0_8.png,1
eea8cde2-img_0434_box0_6.png,1
f7ea7b75-img_1342_box0_4.png,1
fe975dc7-img_0580_box0_7.png,1
fc3d9c1f-img_1195_box0_9.png,1
f6015c80-img_1317_box0_0.png,1
ee40173b-img_0391_box0_6.png,1
645011a0-img_0506_box0_7.png,1
eb066ca8-img_1646_box0_1.png,1
16624812-img_1434_box0_6.png,1
f152cd38-img_0094_box0_7.png,1
a8c04611-img_1591_box0_5.png,1
f7995d97-img_1582_box0_5.png,1
96987f1b-img_1106_box0_9.png,1
ef626321-img_1118_box0_6.png,1
a8c04611-img_1591_box0_6.png,1
16624812-img_1434_box0_0.png,1
20384117-img_1136_box0_8.png,1
8050583b-img_0159_box0_3.png,1
571785bc-img_1378_box0_6.png,1
eda49781-img_1720_box0_6.png,1
537737a4-img_0942_box0_9.png,1
fc82e5cc-img_0255_box0_3.png,1
a4b1bd1e-img_1896_box0_8.png,1
fd131c29-img_1952_box0_7.png,1
234086ae-img_0922_box0_5.png,1
a739f31b-img_0917_box0_0.png,1
fbdf5027-img_0047_box0_9.png,1
a6af72e9-img_0820_box0_6.png,1
f7ea7b75-img_1342_box0_2.png,1
24282734-img_0788_box0_2.png,1
ee1b5b49-img_1668_box0_7.png,1
32130689-img_0141_box0_0.png,1
f4ec1193-img_0619_box0_1.png,1
e733638a-img_1235_box4_6.png,1
9320835b-img_1888_box0_6.png,1
ed8ab46f-img_0474_box0_7.png,1
258946db-img_1046_box0_6.png,1
eec293f5-img_0889_box0_6.png,1
a93a0316-img_1675_box0_6.png,1
fcd1d8c9-img_0195_box0_6.png,1
ef12392f-img_1742_box0_6.png,1
a4be843b-img_0342_box0_2.png,1
261169ae-img_0294_box0_9.png,1
f02894ae-img_0184_box4_8.png,1
a03683e0-img_0837_box0_2.png,1
ebaef50e-img_1495_box0_5.png,1
f927cf92-img_1605_box0_0.png,1
537737a4-img_0942_box0_6.png,1
f898df11-img_1595_box0_2.png,1
eb066ca8-img_1646_box0_5.png,1
ef555e1e-img_1664_box0_6.png,1
fadd389c-img_0001_box0_3.png,1
f02894ae-img_0184_box4_5.png,1
a6eedece-img_0933_box0_6.png,1
f32d1cbe-img_0272_box0_1.png,1
a0ab7fac-img_0673_box0_7.png,1
ef626321-img_1118_box0_0.png,1
f0561c12-img_1819_box0_6.png,1
ec10a42d-img_0553_box0_1.png,1
f6020054-img_0698_box0_5.png,1
a7b1749d-img_1371_box0_8.png,1
e733638a-img_1235_box3_5.png,1
fc82e5cc-img_0255_box0_6.png,1
e5016549-img_1693_box0_7.png,1
e733638a-img_1235_box4_9.png,1
fbdf5027-img_0047_box0_5.png,1
a5d4455f-img_0714_box0_6.png,1
551249c0-img_0764_box0_0.png,1
97064826-img_0105_box0_8.png,1
f20b94eb-img_0240_box0_5.png,1
a26d5f4a-img_0564_box0_3.png,1
f7ea7b75-img_1342_box0_5.png,1
fade15a3-img_0853_box0_6.png,1
a8cf3776-img_1869_box0_8.png,1
e733638a-img_1235_box3_2.png,1
42098075-img_1861_box0_7.png,1
60295325-img_0839_box0_6.png,1
8050583b-img_0159_box0_6.png,1
202567a0-img_0029_box0_9.png,1
447692de-img_0734_box0_5.png,1
a3c44598-img_1411_box0_1.png,1
fdc71ffd-img_0317_box0_6.png,1
ee1b5b49-img_1668_box0_6.png,1
fa7a03ea-img_0353_box0_9.png,1
32130689-img_0141_box0_7.png,1
60202219-img_1791_box0_8.png,1
ef64aa05-img_1698_box0_6.png,1
ebd9a8ca-img_1335_box0_9.png,1
ed8ab46f-img_0474_box0_8.png,1
202567a0-img_0029_box0_6.png,1
ed134b7f-img_0235_box0_9.png,1
e733638a-img_1235_box4_7.png,1
eec293f5-img_0889_box0_0.png,1
fc5bd41a-img_0053_box0_6.png,1
a7ce99b8-img_1842_box0_0.png,1
fc1c5905-img_1540_box0_5.png,1
fba5cc31-img_1069_box0_6.png,1
f04cdf4d-img_0786_box0_2.png,1
91108812-img_0488_box0_3.png,1
a78b8582-img_0305_box0_0.png,1
a5d4455f-img_0714_box0_5.png,1
ff735df9-img_1163_box0_2.png,1
eea8cde2-img_0434_box0_1.png,1
09508290-img_0048_box0_7.png,1
f8165b79-img_1481_box0_2.png,1
88833057-img_1856_box0_5.png,1
5896531d-img_0612_box0_7.png,1
1256815d-img_1032_box0_0.png,1
a9c45d3b-img_0061_box0_8.png,1
60295325-img_0839_box0_7.png,1
e70411e3-img_1636_box0_9.png,1
fc3d9c1f-img_1195_box0_1.png,1
a85ac013-img_1936_box0_6.png,1
88833057-img_1856_box0_4.png,1
f6b1e361-img_1260_box0_1.png,1
fdb50057-img_0020_box0_5.png,1
eb066ca8-img_1646_box0_0.png,1
a78b8582-img_0305_box0_6.png,1
97959f39-img_1161_box0_6.png,1
fd131c29-img_1952_box0_9.png,1
f848590b-img_2018_box0_6.png,1
ea7aabf9-img_0627_box0_0.png,1
ef12392f-img_1742_box0_9.png,1
455824b1-img_1860_box0_7.png,1
f958876e-img_1471_box0_7.png,1
f737ce72-img_1678_box0_6.png,1
121415b4-img_1083_box0_8.png,1
fcaeb8c6-img_1453_box0_3.png,1
97959f39-img_1161_box0_8.png,1
a26d5f4a-img_0564_box0_0.png,1
a0ba300e-img_0471_box0_7.png,1
93908e5a-img_1013_box0_7.png,1
eec293f5-img_0889_box0_1.png,1
ff2623c1-img_1332_box0_6.png,1
98984714-img_0354_box0_5.png,1
2621567a-img_1781_box0_9.png,1
f32d1cbe-img_0272_box0_3.png,1
a6de8742-img_1956_box0_7.png,1
147847e8-img_1670_box0_6.png,1
5670644d-img_0548_box0_0.png,1
ed2a4138-img_0238_box0_5.png,1
8842924f-img_1180_box0_8.png,1
fbfcb085-img_1853_box0_5.png,1
261169ae-img_0294_box0_6.png,1
e70411e3-img_1636_box0_6.png,1
f4ec1193-img_0619_box0_5.png,1
983606d3-img_0615_box0_5.png,1
ef555e1e-img_1664_box0_8.png,1
ee1b5b49-img_1668_box0_8.png,1
282197c8-img_1140_box0_6.png,1
eec293f5-img_0889_box0_5.png,1
a7db40dd-img_1131_box0_9.png,1
1256815d-img_1032_box0_7.png,1
f8214993-img_1741_box0_5.png,1
e5016549-img_1693_box0_0.png,1
ecc53255-img_0427_box0_8.png,1
a8cf3776-img_1869_box0_5.png,1
a3c44598-img_1411_box0_8.png,1
645011a0-img_0506_box0_9.png,1
e733638a-img_1235_box1_0.png,1
a739f31b-img_0917_box0_9.png,1
e548446b-img_1490_box0_7.png,1
f59c0567-img_0442_box0_6.png,1
a78b8582-img_0305_box0_9.png,1
933211f4-img_0960_box0_6.png,1
97959f39-img_1161_box1_8.png,1
f69036e3-img_1387_box0_8.png,1
eff2d37d-img_0525_box0_9.png,1
98984714-img_0354_box0_6.png,1
a5d4455f-img_0714_box0_0.png,1
940149b6-img_0588_box0_1.png,1
455824b1-img_1860_box0_9.png,1
ea7aabf9-img_0627_box0_5.png,1
a5f4a695-img_1642_box0_5.png,1
1256815d-img_1032_box0_5.png,1
f02894ae-img_0184_box0_1.png,1
f6015c80-img_1317_box0_2.png,1
f04cdf4d-img_0786_box0_5.png,1
1256815d-img_1032_box0_8.png,1
ed5ba531-img_1611_box0_8.png,1
93908e5a-img_1013_box0_9.png,1
fcaeb8c6-img_1453_box0_6.png,1
eb28362f-img_0155_box0_6.png,1
ee40173b-img_0391_box0_9.png,1
ff735df9-img_1163_box0_6.png,1
73123912-img_1048_box0_1.png,1
eb5c13d1-img_0610_box0_8.png,1
46044816-img_0127_box0_5.png,1
a7da2905-img_0095_box0_9.png,1
192739eb-img_0000_box0_7.png,1
a7db40dd-img_1131_box0_0.png,1
f04cdf4d-img_0786_box0_6.png,1
455824b1-img_1860_box0_6.png,1
fc82e5cc-img_0255_box0_7.png,1
f848590b-img_2018_box0_5.png,1
f927cf92-img_1605_box0_6.png,1
fbdf5027-img_0047_box0_6.png,1
48811185-img_1394_box0_3.png,1
91108812-img_0488_box0_4.png,1
f982cd50-img_1933_box0_1.png,1
ef12392f-img_1742_box0_7.png,1
a8d2edd5-img_1228_box0_8.png,1
91713c09-img_1509_box0_5.png,1
e733638a-img_1235_box1_5.png,1
ec10a42d-img_0553_box0_5.png,1
847717ce-img_1631_box0_0.png,1
09508290-img_0048_box0_0.png,1
88833057-img_1856_box0_1.png,1
93908e5a-img_1013_box0_0.png,1
f02894ae-img_0184_box5_5.png,1
a26d5f4a-img_0564_box0_1.png,1
64107997-img_1153_box0_9.png,1
60202219-img_1791_box0_5.png,1
f69036e3-img_1387_box0_5.png,1
32130689-img_0141_box0_9.png,1
a88b9468-img_1751_box0_6.png,1
a88b9468-img_1751_box0_9.png,1
f8214993-img_1741_box0_8.png,1
ea452bc9-img_1270_box0_5.png,1
ed134b7f-img_0235_box0_7.png,1
940149b6-img_0588_box0_3.png,1
98995cb0-img_1560_box0_9.png,1
f219341f-img_1604_box0_5.png,1
fadd389c-img_0001_box0_7.png,1
ed5ba531-img_1611_box0_0.png,1
fbf737e2-img_0205_box0_8.png,1
f7ea7b75-img_1342_box0_6.png,1
f6020054-img_0698_box0_6.png,1
fcd1d8c9-img_0195_box2_6.png,1
744180c3-img_0785_box0_0.png,1
f15b0633-img_0645_box0_9.png,1
a9f6fb7b-img_1042_box0_9.png,1
e733638a-img_1235_box3_4.png,1
f02894ae-img_0184_box3_8.png,1
fd131c29-img_1952_box0_8.png,1
f945150e-img_0946_box0_2.png,1
f2c92235-img_1377_box0_5.png,1
f29226a4-img_0778_box0_6.png,1
f02894ae-img_0184_box7_8.png,1
42098075-img_1861_box0_8.png,1
a7da2905-img_0095_box0_7.png,1
f69036e3-img_1387_box0_7.png,1
f8165b79-img_1481_box0_1.png,1
f4e694e9-img_1559_box0_6.png,1
a85ac013-img_1936_box0_7.png,1
a88b9468-img_1751_box0_7.png,1
a9f6fb7b-img_1042_box0_7.png,1
f7de6363-img_1921_box0_0.png,1
5591156c-img_1808_box0_5.png,1
f02894ae-img_0184_box5_0.png,1
57439959-img_1326_box0_3.png,1
ec3a0163-img_1304_box0_5.png,1
282197c8-img_1140_box0_9.png,1
7628777a-img_1627_box0_4.png,1
a090df1e-img_1182_box0_6.png,1
fadd389c-img_0001_box0_6.png,1
fe975dc7-img_0580_box0_6.png,1
73123912-img_1048_box0_3.png,1
7628777a-img_1627_box0_5.png,1
eff2d37d-img_0525_box0_7.png,1
2621567a-img_1781_box0_7.png,1
ec3a0163-img_1304_box0_6.png,1
9320835b-img_1888_box0_5.png,1
382896ac-img_1573_box0_7.png,1
a0ba300e-img_0471_box0_0.png,1
fbf4d9d9-img_0355_box0_6.png,1
447692de-img_0734_box0_1.png,1
a8b2b7e7-img_0923_box0_2.png,1
fdc71ffd-img_0317_box0_5.png,1
a26d5f4a-img_0564_box0_5.png,1
e733638a-img_1235_box2_9.png,1
97257941-img_1426_box0_5.png,1
f69036e3-img_1387_box0_6.png,1
ed2a4138-img_0238_box0_7.png,1
658108ac-img_1625_box0_0.png,1
ebd9a8ca-img_1335_box0_7.png,1
27554478-img_1899_box0_9.png,1
97257941-img_1426_box0_7.png,1
302743e9-img_1660_box0_6.png,1
fb322478-img_1341_box0_5.png,1
f8c88cb5-img_1849_box0_2.png,1
a939e128-img_0519_box0_6.png,1
73123912-img_1048_box0_6.png,1
faf2e889-img_1839_box0_6.png,1
a3feb732-img_1145_box0_7.png,1
a939e128-img_0519_box0_0.png,1
5670644d-img_0548_box0_1.png,1
a9f6fb7b-img_1042_box0_3.png,1
a8aa8be2-img_0337_box0_5.png,1
fdc71ffd-img_0317_box0_2.png,1
f78abeca-img_1288_box0_6.png,1
fc82e5cc-img_0255_box0_9.png,1
fba5cc31-img_1069_box0_5.png,1
ecc53255-img_0427_box0_5.png,1
eb28362f-img_0155_box0_4.png,1
a7ce99b8-img_1842_box0_7.png,1
fa7a03ea-img_0353_box0_6.png,1
f898df11-img_1595_box0_8.png,1
a7b1749d-img_1371_box0_9.png,1
447692de-img_0734_box0_4.png,1
a0ab7fac-img_0673_box0_6.png,1
fb84182b-img_1811_box0_0.png,1
f02894ae-img_0184_box3_5.png,1
f898df11-img_1595_box0_6.png,1
f9e69fc9-img_1715_box0_9.png,1
192739eb-img_0000_box0_9.png,1
32130689-img_0141_box0_6.png,1
794174ca-img_0175_box0_3.png,1
a78b8582-img_0305_box0_7.png,1
f51bce8a-img_0348_box0_0.png,1
537737a4-img_0942_box0_2.png,1
ed8915cc-img_1023_box0_5.png,1
a93a0316-img_1675_box0_3.png,1
f242adf2-img_1139_box1_8.png,1
645011a0-img_0506_box0_6.png,1
fcaeb8c6-img_1453_box0_7.png,1
983606d3-img_0615_box0_6.png,1
ee1b5b49-img_1668_box0_0.png,1
24282734-img_0788_box0_6.png,1
a4be843b-img_0342_box0_6.png,1
302743e9-img_1660_box0_4.png,1
98984714-img_0354_box0_9.png,1
fcaeb8c6-img_1453_box0_0.png,1
eb2ab965-img_1018_box0_6.png,1
933211f4-img_0960_box0_5.png,1
f02894ae-img_0184_box7_5.png,1
60847993-img_0990_box0_6.png,1
9808329b-img_1064_box0_5.png,1
a4be843b-img_0342_box0_7.png,1
fc837339-img_0630_box0_6.png,1
eff2d37d-img_0525_box0_4.png,1
ff03c752-img_0064_box0_6.png,1
57439959-img_1326_box0_9.png,1
f7ea7b75-img_1342_box0_8.png,1
73123912-img_1048_box0_9.png,1
fbf4d9d9-img_0355_box0_5.png,1
f567628d-img_1148_box1_7.png,1
fe4f5647-img_1204_box0_2.png,1
42098075-img_1861_box0_6.png,1
f78abeca-img_1288_box0_0.png,1
fcd1d8c9-img_0195_box2_5.png,1
fc837339-img_0630_box0_9.png,1
744180c3-img_0785_box0_9.png,1
ec10a42d-img_0553_box0_0.png,1
ed8ab46f-img_0474_box0_5.png,1
f567628d-img_1148_box0_8.png,1
88833057-img_1856_box0_8.png,1
fc8a0cdd-img_0807_box0_5.png,1
27554478-img_1899_box0_8.png,1
f78abeca-img_1288_box0_7.png,1
f6b1e361-img_1260_box0_5.png,1
a739f31b-img_0917_box0_1.png,1
fbf4d9d9-img_0355_box0_0.png,1
98995cb0-img_1560_box0_3.png,1
f9e69fc9-img_1715_box0_4.png,1
a7db40dd-img_1131_box0_6.png,1
939230e6-img_1302_box0_5.png,1
f6015c80-img_1317_box0_4.png,1
7819899c-img_1716_box0_9.png,1
8842924f-img_1180_box0_6.png,1
551249c0-img_0764_box0_8.png,1
a32f4040-img_0357_box0_6.png,1
a4be843b-img_0342_box0_9.png,1
f8165b79-img_1481_box0_5.png,1
f3b24e72-img_0501_box0_7.png,1
a739f31b-img_0917_box0_2.png,1
382896ac-img_1573_box0_0.png,1
ff2623c1-img_1332_box0_9.png,1
e733638a-img_1235_box0_8.png,1
f1c5468c-img_0232_box0_6.png,1
f898df11-img_1595_box0_5.png,1
416180c0-img_0307_box0_1.png,1
9808329b-img_1064_box0_8.png,1
382896ac-img_1573_box0_6.png,1
744180c3-img_0785_box0_7.png,1
338864b9-img_0455_box0_5.png,1
e733638a-img_1235_box0_1.png,1
60295325-img_0839_box0_9.png,1
ed8915cc-img_1023_box0_8.png,1
91108812-img_0488_box0_6.png,1
a7b1749d-img_1371_box0_7.png,1
a8c66282-img_1608_box0_5.png,1
e733638a-img_1235_box0_6.png,1
f3fb8639-img_0032_box0_5.png,1
fbf737e2-img_0205_box0_1.png,1
933211f4-img_0960_box0_4.png,1
7819899c-img_1716_box0_6.png,1
91108812-img_0488_box0_8.png,1
f0561c12-img_1819_box0_9.png,1
fc82296d-img_0712_box0_0.png,1
e733638a-img_1235_box2_7.png,1
f9e69fc9-img_1715_box0_6.png,1
e733638a-img_1235_box1_6.png,1
f8c88cb5-img_1849_box0_6.png,1
fd131c29-img_1952_box0_0.png,1
a00e4cec-img_1799_box0_9.png,1
88842de0-img_0326_box0_9.png,1
24282734-img_0788_box0_7.png,1
a0a9e640-img_1398_box0_1.png,1
147847e8-img_1670_box0_9.png,1
efa7f1b3-img_1562_box0_0.png,1
948103c9-img_1707_box0_8.png,1
a8d2edd5-img_1228_box0_3.png,1
a739f31b-img_0917_box0_6.png,1
f15b0633-img_0645_box0_6.png,1
fdb50057-img_0020_box0_8.png,1
f958876e-img_1471_box0_9.png,1
f982cd50-img_1933_box0_5.png,1
a8aa8be2-img_0337_box0_6.png,1
fd94759a-img_1785_box0_9.png,1
ee1b5b49-img_1668_box0_9.png,1
fc82296d-img_0712_box0_6.png,1
efc4131c-img_1616_box0_3.png,1
fcd1d8c9-img_0195_box0_9.png,1
efc4131c-img_1616_box0_6.png,1
a8c66282-img_1608_box0_6.png,1
192739eb-img_0000_box0_6.png,1
a7ce99b8-img_1842_box0_9.png,1
f945150e-img_0946_box0_6.png,1
a6de8742-img_1956_box0_6.png,1
16624812-img_1434_box0_9.png,1
f51bce8a-img_0348_box0_7.png,1
f569b10c-img_1397_box0_5.png,1
e548446b-img_1490_box0_1.png,1
a7da2905-img_0095_box0_6.png,1
fd94759a-img_1785_box0_6.png,1
a7db40dd-img_1131_box0_7.png,1
fc4ba2f5-img_0614_box0_7.png,1
f6015c80-img_1317_box0_8.png,1
551249c0-img_0764_box0_5.png,1
a6eedece-img_0933_box0_4.png,1
ef555e1e-img_1664_box0_5.png,1
91108812-img_0488_box0_5.png,1
fc82296d-img_0712_box0_7.png,1
f15189af-img_0768_box0_6.png,1
f242adf2-img_1139_box1_0.png,1
447692de-img_0734_box0_2.png,1
6745665f-img_1477_box0_5.png,1
8842924f-img_1180_box0_5.png,1
6007861f-img_0746_box0_2.png,1
a5f4a695-img_1642_box0_4.png,1
27554478-img_1899_box0_0.png,1
f3b24e72-img_0501_box0_5.png,1
efa7f1b3-img_1562_box0_5.png,1
f958876e-img_1471_box0_0.png,1
f6174e0c-img_1135_box0_8.png,1
20384117-img_1136_box0_9.png,1
fadd389c-img_0001_box0_9.png,1
f15b0633-img_0645_box0_7.png,1
e733638a-img_1235_box1_4.png,1
f02894ae-img_0184_box2_5.png,1
261169ae-img_0294_box0_2.png,1
ff03c752-img_0064_box0_7.png,1
f9e69fc9-img_1715_box0_1.png,1
ff735df9-img_1163_box0_9.png,1
e733638a-img_1235_box2_6.png,1
948103c9-img_1707_box0_5.png,1
f0561c12-img_1819_box0_0.png,1
f51bce8a-img_0348_box0_1.png,1
667363de-img_0776_box0_2.png,1
f51bce8a-img_0348_box0_6.png,1
fe975dc7-img_0580_box0_9.png,1
e733638a-img_1235_box3_0.png,1
e733638a-img_1235_box1_2.png,1
a939e128-img_0519_box0_8.png,1
ff735df9-img_1163_box0_7.png,1
a0ab7fac-img_0673_box0_5.png,1
f467608e-img_0333_box0_8.png,1
940149b6-img_0588_box0_5.png,1
97959f39-img_1161_box0_5.png,1
fc4ba2f5-img_0614_box0_9.png,1
f567628d-img_1148_box1_2.png,1
f7de6363-img_1921_box0_5.png,1
f29226a4-img_0778_box0_9.png,1
fba5cc31-img_1069_box0_8.png,1
fe4f5647-img_1204_box0_0.png,1
571785bc-img_1378_box0_5.png,1
fb84182b-img_1811_box0_5.png,1
202567a0-img_0029_box0_7.png,1
ecc53255-img_0427_box0_6.png,1
fe3a7ec2-img_0129_box0_7.png,1
97581435-img_1589_box0_5.png,1
27554478-img_1899_box0_1.png,1
e733638a-img_1235_box0_5.png,1
ef626321-img_1118_box0_7.png,1
f7de6363-img_1921_box0_6.png,1
fa7a03ea-img_0353_box0_7.png,1
93908e5a-img_1013_box0_6.png,1
ef64aa05-img_1698_box0_9.png,1
a32f4040-img_0357_box0_9.png,1
32576090-img_1247_box0_5.png,1
96987f1b-img_1106_box0_6.png,1
fc3d9c1f-img_1195_box0_6.png,1
fc5bd41a-img_0053_box0_9.png,1
eea8cde2-img_0434_box0_3.png,1
99311b49-img_1175_box1_6.png,1
eb5c13d1-img_0610_box0_6.png,1
ef758bec-img_0731_box0_5.png,1
794174ca-img_0175_box0_7.png,1
87492f67-img_0211_box0_9.png,1
302743e9-img_1660_box0_8.png,1
fade15a3-img_0853_box0_5.png,1
258946db-img_1046_box0_9.png,1
27554478-img_1899_box0_6.png,1
efc4131c-img_1616_box0_4.png,1
302743e9-img_1660_box0_5.png,1
e733638a-img_1235_box0_0.png,1
e733638a-img_1235_box0_2.png,1
2621567a-img_1781_box0_0.png,1
f3b24e72-img_0501_box0_6.png,1
a090df1e-img_1182_box0_8.png,1
f4ec1193-img_0619_box0_6.png,1
a0ba300e-img_0471_box0_6.png,1
338864b9-img_0455_box0_8.png,1
a26d5f4a-img_0564_box0_2.png,1
382896ac-img_1573_box0_5.png,1
f3efdd87-img_0215_box0_8.png,1
f3fb8639-img_0032_box0_8.png,1
a32f4040-img_0357_box0_7.png,1
f152cd38-img_0094_box0_9.png,1
96987f1b-img_1106_box0_7.png,1
a8d2edd5-img_1228_box0_5.png,1
ead7fa43-img_1405_box0_5.png,1
efa7f1b3-img_1562_box0_6.png,1
f467608e-img_0333_box0_7.png,1
f3580ba4-img_0459_box0_9.png,1
a939e128-img_0519_box0_9.png,1
f567628d-img_1148_box1_6.png,1
658108ac-img_1625_box0_6.png,1
a7b1749d-img_1371_box0_6.png,1
a3feb732-img_1145_box0_9.png,1
1256815d-img_1032_box0_6.png,1
e70411e3-img_1636_box0_5.png,1
fa7a03ea-img_0353_box0_5.png,1
98995cb0-img_1560_box0_6.png,1
24282734-img_0788_box0_9.png,1
658108ac-img_1625_box0_5.png,1
ed8ab46f-img_0474_box0_6.png,1
f02894ae-img_0184_box0_5.png,1
97959f39-img_1161_box1_1.png,1
302743e9-img_1660_box0_3.png,1
faf2e889-img_1839_box0_5.png,1
a3feb732-img_1145_box0_2.png,1
fc82296d-img_0712_box0_9.png,1
a3feb732-img_1145_box0_6.png,1
a939e128-img_0519_box0_7.png,1
efc4131c-img_1616_box0_2.png,1
447692de-img_0734_box0_6.png,1
f6174e0c-img_1135_box0_5.png,1
234086ae-img_0922_box0_2.png,1
f32d1cbe-img_0272_box0_9.png,1
f567628d-img_1148_box1_9.png,1
ff2623c1-img_1332_box0_3.png,1
fc4ba2f5-img_0614_box0_6.png,1
fc3d9c1f-img_1195_box0_7.png,1
a88b9468-img_1751_box0_1.png,1
794174ca-img_0175_box0_9.png,1
a00e4cec-img_1799_box0_7.png,1
127826dc-img_1565_box0_9.png,1
f6015c80-img_1317_box0_5.png,1
ef758bec-img_0731_box0_6.png,1
09508290-img_0048_box0_6.png,1
f02894ae-img_0184_box6_8.png,1
a93a0316-img_1675_box0_9.png,1
eda49781-img_1720_box0_9.png,1
a9c45d3b-img_0061_box0_6.png,1
571785bc-img_1378_box0_7.png,1
9320835b-img_1888_box0_1.png,1
32576090-img_1247_box0_3.png,1
f04cdf4d-img_0786_box0_8.png,1
fea7f3c4-img_1950_box0_0.png,1
f02894ae-img_0184_box6_5.png,1
a3c44598-img_1411_box0_9.png,1
f567628d-img_1148_box1_0.png,1
20384117-img_1136_box0_5.png,1
98995cb0-img_1560_box0_1.png,1
9062194a-img_1361_box0_5.png,1
8050583b-img_0159_box0_9.png,1
ef626321-img_1118_box0_9.png,1
a88b9468-img_1751_box0_0.png,1
a76d1cdc-img_1084_box0_5.png,1
e733638a-img_1235_box0_7.png,1
f02894ae-img_0184_box5_8.png,1
98984714-img_0354_box0_7.png,1
f02894ae-img_0184_box2_0.png,1
50137461-img_1561_box0_5.png,1
fcaeb8c6-img_1453_box0_9.png,1
f15189af-img_0768_box0_5.png,1
744180c3-img_0785_box0_5.png,1
88842de0-img_0326_box0_6.png,1
f9e69fc9-img_1715_box0_7.png,1
ec2020b8-img_1520_box0_3.png,1
fe4f5647-img_1204_box0_5.png,1
f3580ba4-img_0459_box0_4.png,1
60847993-img_0990_box0_9.png,1
6968737b-img_1806_box0_6.png,1
f958876e-img_1471_box0_6.png,1
09508290-img_0048_box0_9.png,1
645011a0-img_0506_box0_3.png,1
16624812-img_1434_box0_5.png,1
6968737b-img_1806_box0_3.png,1
ed8915cc-img_1023_box0_3.png,1
ec10a42d-img_0553_box0_6.png,1
ee40173b-img_0391_box0_8.png,1
64107997-img_1153_box0_5.png,1
a739f31b-img_0917_box0_3.png,1
eb5c13d1-img_0610_box0_9.png,1
f898df11-img_1595_box0_7.png,1
f51bce8a-img_0348_box0_9.png,1
faf2e889-img_1839_box0_8.png,1
7819899c-img_1716_box0_7.png,1
f4e694e9-img_1559_box0_9.png,1
fbdf5027-img_0047_box0_7.png,1
6007861f-img_0746_box0_6.png,1
fbfcb085-img_1853_box0_0.png,1
f3580ba4-img_0459_box0_6.png,1
32576090-img_1247_box0_4.png,1
fd131c29-img_1952_box0_6.png,1
fdeb1a7b-img_1230_box1_6.png,1
ea452bc9-img_1270_box0_8.png,1
f59c0567-img_0442_box0_5.png,1
ed134b7f-img_0235_box0_6.png,1
e69265f9-img_0906_box0_6.png,1
e69265f9-img_0906_box0_5.png,1
e60040d8-img_1375_box0_8.png,1
e60040d8-img_1375_box0_3.png,1
e60040d8-img_1375_box0_2.png,1
e60040d8-img_1375_box0_1.png,1
e030770f-img_1874_box0_8.png,1
e030770f-img_1874_box0_5.png,1
e25080c3-img_1178_box0_9.png,1
e25080c3-img_1178_box0_7.png,1
e25080c3-img_1178_box0_6.png,1
e23828a1-img_1154_box0_8.png,1
e23828a1-img_1154_box0_7.png,1
e23828a1-img_1154_box0_6.png,1
e23828a1-img_1154_box0_5.png,1
e20370c5-img_2012_box0_6.png,1
e5219d7d-img_1485_box2_5.png,1
e5219d7d-img_1485_box1_9.png,1
e5219d7d-img_1485_box1_7.png,1
e5219d7d-img_1485_box1_6.png,1
e5219d7d-img_1485_box1_1.png,1
e5219d7d-img_1485_box0_8.png,1
e5219d7d-img_1485_box0_5.png,1
e5219d7d-img_1485_box0_0.png,1
e04764cf-img_1815_box0_9.png,1
e04764cf-img_1815_box0_6.png,1
e04764cf-img_1815_box0_5.png,1
e802f037-img_1209_box0_9.png,1
e802f037-img_1209_box0_6.png,1
e802f037-img_1209_box0_5.png,1
e643f8bf-img_0284_box0_9.png,1
e643f8bf-img_0284_box0_6.png,1
e574b0df-img_1242_box0_7.png,1
e574b0df-img_1242_box0_6.png,1
e574b0df-img_1242_box0_5.png,1
e574b0df-img_1242_box0_0.png,1
e524ae78-img_0115_box0_9.png,1
e524ae78-img_0115_box0_7.png,1
e524ae78-img_0115_box0_6.png,1
e524ae78-img_0115_box0_1.png,1
e524ae78-img_0115_box0_0.png,1
e138badb-img_1536_box0_8.png,1
e138badb-img_1536_box0_5.png,1
e138badb-img_1536_box0_4.png,1
e81feee5-img_0844_box0_9.png,1
e81feee5-img_0844_box0_6.png,1
e81feee5-img_0844_box0_2.png,1
e81feee5-img_0844_box0_0.png,1
e80f893c-img_1991_box0_5.png,1
e77f7924-img_1459_box0_9.png,1
e77f7924-img_1459_box0_8.png,1
e77f7924-img_1459_box0_7.png,1
e77f7924-img_1459_box0_6.png,1
e77cc8c4-img_1953_box0_9.png,1
e77cc8c4-img_1953_box0_7.png,1
e72a0e62-img_0859_box0_9.png,1
e57dc4ba-img_0983_box0_9.png,1
e57dc4ba-img_0983_box0_7.png,1
e57dc4ba-img_0983_box0_6.png,1
e57dc4ba-img_0983_box0_0.png,1
e040e0ab-img_0613_box0_9.png,1
e040e0ab-img_0613_box0_7.png,1
e040e0ab-img_0613_box0_6.png,1
e040e0ab-img_0613_box0_0.png,1
e36c625f-img_0528_box0_9.png,1
e36c625f-img_0528_box0_7.png,1
e36c625f-img_0528_box0_6.png,1
e36c625f-img_0528_box0_2.png,1
e36c625f-img_0528_box0_1.png,1
e27d3f16-img_1770_box0_9.png,1
e27d3f16-img_1770_box0_7.png,1
e27d3f16-img_1770_box0_6.png,1
e20be7c6-img_1822_box0_9.png,1
e20be7c6-img_1822_box0_7.png,1
e20be7c6-img_1822_box0_6.png,1
e14dd10b-img_0740_box0_5.png,1
e13a2f38-img_1392_box0_8.png,1
e13a2f38-img_1392_box0_5.png,1
e9c55cd6-img_1870_box0_9.png,1
e9c55cd6-img_1870_box0_7.png,1
e9c55cd6-img_1870_box0_6.png,1
e9c55cd6-img_1870_box0_1.png,1
e9b56ecc-img_0253_box0_9.png,1
e9b56ecc-img_0253_box0_6.png,1
e9b56ecc-img_0253_box0_1.png,1
e8c2071d-img_0447_box0_6.png,1
e8c2071d-img_0447_box0_5.png,1
e8c2071d-img_0447_box0_4.png,1
e8c2071d-img_0447_box0_0.png,1
e8b333ae-img_1155_box2_9.png,1
e8b333ae-img_1155_box2_7.png,1
e8b333ae-img_1155_box1_9.png,1
e8b333ae-img_1155_box1_7.png,1
e8b333ae-img_1155_box1_6.png,1
e8b333ae-img_1155_box1_2.png,1
e8b333ae-img_1155_box0_8.png,1
e8b333ae-img_1155_box0_5.png,1
e7e1a918-img_1541_box0_5.png,1
e7e1a918-img_1541_box0_2.png,1
e7d54e17-img_1108_box0_9.png,1
e7d54e17-img_1108_box0_7.png,1
e7d54e17-img_1108_box0_6.png,1
e7d54e17-img_1108_box0_5.png,1
e7d54e17-img_1108_box0_3.png,1
e7d54e17-img_1108_box0_1.png,1
e7b205be-img_1350_box0_8.png,1
e7b205be-img_1350_box0_7.png,1
e7b205be-img_1350_box0_6.png,1
e7b205be-img_1350_box0_5.png,1
e7b205be-img_1350_box0_0.png,1
e6b21c5c-img_1138_box0_6.png,1
e6b21c5c-img_1138_box0_5.png,1
e5e3a130-img_1266_box0_5.png,1
fd94759a-img_1785_box0_2.png,2
bb7d2bce-img_1769_box0_7.png,2
652bcdd6-img_0736_box0_1.png,2
6729fe6e-img_0196_box0_1.png,2
dc000f60-img_0292_box0_8.png,2
a4002c91-img_0494_box0_2.png,2
512eb2dd-img_1980_box0_7.png,2
1504f4bd-img_1040_box0_8.png,2
eb2ab965-img_1018_box0_1.png,2
eff2d37d-img_0525_box0_1.png,2
744180c3-img_0785_box0_4.png,2
75fe5736-img_1390_box0_3.png,2
92af34a1-img_0310_box0_8.png,2
31ca7fa9-img_1517_box0_9.png,2
42c6f3bb-img_1859_box0_0.png,2
078b63ee-img_0747_box0_4.png,2
540f4487-img_1058_box0_7.png,2
dfffb005-img_1003_box0_3.png,2
ec3a0163-img_1304_box0_7.png,2
447692de-img_0734_box0_7.png,2
84af32e5-img_0725_box0_2.png,2
c12e75d5-img_1054_box0_3.png,2
a7b1749d-img_1371_box0_1.png,2
bcb65923-img_1068_box0_9.png,2
613c4beb-img_0331_box0_2.png,2
7ebc8397-img_1629_box0_8.png,2
bd4667b1-img_1179_box0_1.png,2
31f66f08-img_0197_box0_0.png,2
9dd6d61a-img_1220_box0_1.png,2
ddbddb2b-img_1987_box0_2.png,2
efa7f1b3-img_1562_box0_9.png,2
bca2512c-img_0267_box0_7.png,2
fdc71ffd-img_0317_box0_4.png,2
ddbddb2b-img_1987_box0_4.png,2
d9278058-img_1103_box0_4.png,2
fa7a03ea-img_0353_box0_0.png,2
b43cb27d-img_0441_box0_1.png,2
5582dd2f-img_1834_box0_0.png,2
7ff018bd-img_0891_box0_9.png,2
c8092e87-img_1624_box0_4.png,2
236f0ed1-img_0228_box0_7.png,2
8ac03e05-img_0280_box0_3.png,2
42c6f3bb-img_1859_box0_4.png,2
ace366f3-img_0996_box0_8.png,2
1658f877-img_1095_box0_4.png,2
c11a5ac5-img_0268_box0_7.png,2
8e9a499b-img_0905_box0_2.png,2
83ba9382-img_0113_box0_2.png,2
fc3d9c1f-img_1195_box0_5.png,2
adab00a6-img_1981_box0_6.png,2
f567628d-img_1148_box0_2.png,2
bfda96ae-img_0117_box0_3.png,2
88833057-img_1856_box0_2.png,2
658108ac-img_1625_box0_1.png,2
98bebf82-img_1186_box0_5.png,2
12dc88b6-img_0297_box0_8.png,2
154f366a-img_0472_box0_9.png,2
551249c0-img_0764_box0_1.png,2
b031eb6e-img_0850_box0_8.png,2
d6874f97-img_0835_box0_1.png,2
35becfc0-img_0537_box0_9.png,2
58b6cf3f-img_0090_box0_5.png,2
ac635faa-img_0414_box0_8.png,2
9dec9dea-img_1172_box0_9.png,2
c9ee0ccf-img_1283_box0_7.png,2
c1de7f6f-img_1578_box0_2.png,2
3042c3d4-img_0828_box0_3.png,2
dd647a7a-img_1745_box0_8.png,2
cbe62df5-img_1907_box0_4.png,2
a0e7bd45-img_1295_box0_7.png,2
fb84182b-img_1811_box0_3.png,2
167ad597-img_1905_box0_2.png,2
ba80bc20-img_1237_box0_2.png,2
d9278058-img_1103_box0_1.png,2
a8cf3776-img_1869_box0_0.png,2
afc45737-img_0411_box0_3.png,2
c9dd45a7-img_0201_box0_0.png,2
158aefe0-img_0806_box0_2.png,2
70e6c677-img_0224_box0_5.png,2
58f63a69-img_1662_box0_0.png,2
c3d0d2c1-img_1989_box0_6.png,2
52ee12ff-img_1867_box0_4.png,2
b98a1d9b-img_1123_box0_0.png,2
ef555e1e-img_1664_box0_1.png,2
cbe8b14e-img_0893_box0_4.png,2
c12e75d5-img_1054_box0_9.png,2
39a4586f-img_1298_box0_7.png,2
dd6bd05e-img_1396_box0_3.png,2
bd035dfc-img_0744_box0_1.png,2
682ddd99-img_0212_box0_8.png,2
9f83d658-img_1982_box0_2.png,2
6729fe6e-img_0196_box0_0.png,2
f4f74b49-img_0096_box0_4.png,2
b736e728-img_0321_box0_1.png,2
d19c372f-img_0291_box0_1.png,2
20ee0db1-img_1464_box0_8.png,2
73c9791b-img_1117_box0_8.png,2
b0180fad-img_1080_box0_1.png,2
8a426f9f-img_1029_box0_7.png,2
60202219-img_1791_box0_0.png,2
4133fe62-img_1638_box0_8.png,2
94d8842a-img_1445_box0_7.png,2
97959f39-img_1161_box1_7.png,2
15a346ce-img_0536_box0_2.png,2
b73f3fc2-img_0276_box0_5.png,2
13326d65-img_0927_box0_9.png,2
ed134b7f-img_0235_box0_4.png,2
349d9f9e-img_0419_box0_8.png,2
c4b838c5-img_0260_box0_7.png,2
be9736f9-img_1454_box0_9.png,2
9d2e771b-img_1918_box0_4.png,2
8452c50a-img_1732_box0_7.png,2
a7db40dd-img_1131_box0_8.png,2
c65882ca-img_1507_box0_4.png,2
98984714-img_0354_box0_0.png,2
9d97cfcd-img_1114_box0_4.png,2
537737a4-img_0942_box0_4.png,2
fbf4d9d9-img_0355_box0_8.png,2
15b1e791-img_1537_box0_9.png,2
d23e1010-img_0330_box0_1.png,2
39ab3651-img_1305_box0_7.png,2
7fe5912c-img_1519_box0_8.png,2
b355a1ed-img_0289_box0_8.png,2
b2ce4c59-img_2001_box0_1.png,2
540ef922-img_0327_box0_2.png,2
db92ddb6-img_1111_box0_1.png,2
31f66f08-img_0197_box0_1.png,2
15df1b37-img_0341_box0_5.png,2
133b2742-img_0259_box0_4.png,2
b83d3546-img_0558_box0_7.png,2
26869b9e-img_1065_box0_2.png,2
b78f497e-img_0152_box0_7.png,2
93908e5a-img_1013_box0_4.png,2
8f3a0bb0-img_0543_box0_4.png,2
d175b633-img_0694_box0_8.png,2
69ce7e2c-img_0679_box0_9.png,2
a8cf3776-img_1869_box0_2.png,2
572a4605-img_1906_box0_8.png,2
a0a9e640-img_1398_box0_3.png,2
a93a0316-img_1675_box0_2.png,2
d5269fab-img_0521_box0_4.png,2
37daef2a-img_0484_box0_0.png,2
7fabc0ac-img_0902_box0_1.png,2
b9d1ae09-img_1841_box0_3.png,2
18d55fd4-img_0489_box0_2.png,2
f8641f3c-img_0071_box0_4.png,2
ba80bc20-img_1237_box0_4.png,2
cd8ec4b3-img_1101_box1_5.png,2
31f66f08-img_0197_box1_1.png,2
a4002c91-img_0494_box0_9.png,2
39393121-img_0903_box0_8.png,2
97959f39-img_1161_box0_7.png,2
52ff73ae-img_0604_box0_2.png,2
49e52ed8-img_0110_box0_2.png,2
41a3eb61-img_1197_box0_1.png,2
70e6c677-img_0224_box0_2.png,2
84b6625e-img_0849_box0_1.png,2
d5269fab-img_0521_box0_1.png,2
27863ef1-img_0388_box0_7.png,2
a93a0316-img_1675_box0_1.png,2
b9959b90-img_1203_box0_7.png,2
305db3fd-img_1525_box0_4.png,2
72f2c700-img_1216_box0_4.png,2
c2434b82-img_0387_box0_7.png,2
55a2acb2-img_0743_box0_5.png,2
cb6fa2a4-img_1917_box0_4.png,2
aaed818b-img_0271_box0_7.png,2
8452c50a-img_1732_box0_3.png,2
fade15a3-img_0853_box0_0.png,2
a0ab7fac-img_0673_box0_0.png,2
b850b103-img_0346_box0_3.png,2
f4ec1193-img_0619_box0_4.png,2
d9f4ed38-img_0423_box0_1.png,2
c4c9b450-img_0404_box0_8.png,2
23a62928-img_1057_box0_7.png,2
586ccd35-img_1984_box0_4.png,2
501db34c-img_1008_box0_7.png,2
c4c9b450-img_0404_box0_7.png,2
c5638fb9-img_0377_box0_7.png,2
061bf97b-img_0947_box0_9.png,2
cbe95ea2-img_0274_box0_7.png,2
84d25591-img_1005_box0_9.png,2
97064826-img_0105_box0_0.png,2
35b2f9a4-img_1847_box0_2.png,2
f9e69fc9-img_1715_box0_5.png,2
d5ced8a0-img_1320_box0_7.png,2
bd42c4ff-img_0892_box0_3.png,2
f4e694e9-img_1559_box0_4.png,2
dda20edc-img_0965_box0_1.png,2
977ca2e2-img_0049_box0_2.png,2
89beda13-img_1697_box0_2.png,2
b2e06da7-img_1904_box0_1.png,2
88842de0-img_0326_box0_5.png,2
449f1fbd-img_1185_box0_0.png,2
16614c5a-img_1251_box0_1.png,2
7e8723fb-img_0793_box0_7.png,2
bd1a6bf8-img_1200_box0_3.png,2
5519dac1-img_1787_box0_3.png,2
32d13729-img_0696_box0_3.png,2
5670644d-img_0548_box0_7.png,2
182f24eb-img_1239_box0_7.png,2
34ebe64f-img_1280_box0_5.png,2
7ea854a1-img_1226_box0_1.png,2
d2c4ee86-img_0497_box0_0.png,2
58f63a69-img_1662_box0_1.png,2
390c4ce2-img_1838_box0_1.png,2
ed5ba531-img_1611_box0_2.png,2
b4a75b9b-img_1665_box0_3.png,2
60a18a34-img_1162_box1_1.png,2
15df1b37-img_0341_box0_8.png,2
95beea3d-img_1572_box0_8.png,2
fcd1d8c9-img_0195_box0_7.png,2
755e0003-img_0295_box0_7.png,2
c4c9b450-img_0404_box0_3.png,2
eda49781-img_1720_box0_4.png,2
cc784e8b-img_1328_box0_0.png,2
444e1c79-img_0593_box0_3.png,2
e20370c5-img_2012_box0_0.png,2
b675497c-img_1253_box0_7.png,2
9abd8f82-img_1240_box0_1.png,2
914c216d-img_1748_box0_2.png,2
861b873f-img_0168_box1_4.png,2
23f48210-img_0774_box0_1.png,2
bc711ef4-img_1649_box0_1.png,2
36fd5e41-img_0120_box0_8.png,2
19a962ef-img_1389_box0_3.png,2
aa1aa9c6-img_0334_box0_1.png,2
b2a43547-img_0707_box0_5.png,2
d73646ba-img_1081_box0_0.png,2
b575bda8-img_0378_box0_7.png,2
17b64bd2-img_1848_box0_2.png,2
c7db387b-img_0790_box0_9.png,2
5591156c-img_1808_box0_3.png,2
dd517fc3-img_0361_box0_8.png,2
473c222f-img_1903_box0_2.png,2
8842924f-img_1180_box0_3.png,2
acc44457-img_1019_box0_8.png,2
09508290-img_0048_box0_2.png,2
23a62928-img_1057_box0_4.png,2
adab00a6-img_1981_box0_4.png,2
c8e5882e-img_1845_box0_0.png,2
53eb7400-img_1167_box0_3.png,2
c091f53a-img_1124_box1_5.png,2
23a62928-img_1057_box0_3.png,2
8fb0d74f-img_0239_box0_6.png,2
13326d65-img_0927_box0_1.png,2
b566e907-img_1071_box0_4.png,2
13f0bd26-img_0338_box0_4.png,2
b17921b3-img_0270_box0_4.png,2
38a86769-img_0730_box0_4.png,2
09c66bd3-img_1036_box0_3.png,2
72ff7535-img_1291_box0_1.png,2
46044816-img_0127_box0_7.png,2
e802f037-img_1209_box0_0.png,2
9f83d658-img_1982_box0_6.png,2
7ebc8397-img_1629_box0_3.png,2
a93015be-img_1265_box0_8.png,2
7e8723fb-img_0793_box0_4.png,2
68c1fc98-img_0448_box0_2.png,2
b99c28af-img_1957_box0_0.png,2
cd6b3923-img_0665_box0_1.png,2
444e1c79-img_0593_box0_1.png,2
794174ca-img_0175_box0_1.png,2
e733638a-img_1235_box1_7.png,2
9bdd69c8-img_1446_box0_4.png,2
303df972-img_0611_box0_7.png,2
f32d1cbe-img_0272_box0_7.png,2
98f1c947-img_1225_box0_7.png,2
bb7793ed-img_0460_box0_1.png,2
8be52982-img_1009_box0_5.png,2
43df91f5-img_0646_box0_7.png,2
869b9742-img_1278_box0_1.png,2
9ac76ae8-img_0794_box0_1.png,2
dd6bd05e-img_1396_box0_7.png,2
e5219d7d-img_1485_box1_2.png,2
8f1fccd7-img_1667_box0_4.png,2
73f49f61-img_0798_box0_0.png,2
dcc1b54e-img_1518_box0_8.png,2
f20b94eb-img_0240_box0_6.png,2
52ff73ae-img_0604_box0_3.png,2
37eed58e-img_1052_box0_0.png,2
fd94759a-img_1785_box0_3.png,2
38d946d8-img_0279_box0_3.png,2
132c4098-img_0914_box0_4.png,2
e1fb6604-img_1643_box0_7.png,2
a8aa8be2-img_0337_box0_4.png,2
8faedc92-img_1685_box0_1.png,2
cffab8b6-img_1033_box0_0.png,2
11c33b43-img_0886_box0_8.png,2
009995c3-img_1313_box0_1.png,2
1604dd3f-img_1557_box0_4.png,2
d838a04d-img_0452_box0_9.png,2
e72a0e62-img_0859_box0_3.png,2
9d2e771b-img_1918_box0_3.png,2
d175b633-img_0694_box0_3.png,2
8f5cf493-img_0298_box0_8.png,2
e63c4000-img_1109_box0_3.png,2
43a14ff9-img_0998_box0_4.png,2
d9f4ed38-img_0423_box0_8.png,2
f6020054-img_0698_box0_9.png,2
97e9462c-img_1482_box0_3.png,2
3042c3d4-img_0828_box0_8.png,2
261169ae-img_0294_box0_8.png,2
295cc85f-img_0100_box0_2.png,2
9243def7-img_1314_box0_2.png,2
761ba12f-img_1995_box0_1.png,2
303df972-img_0611_box0_8.png,2
fba5cc31-img_1069_box0_0.png,2
98b10e32-img_0082_box0_1.png,2
8842924f-img_1180_box0_7.png,2
66b42407-img_0174_box0_4.png,2
ccb9a03c-img_0199_box0_4.png,2
eb977267-img_0971_box0_3.png,2
15a02388-img_1722_box0_2.png,2
e643f8bf-img_0284_box0_7.png,2
a6af72e9-img_0820_box0_0.png,2
43b64976-img_1236_box0_4.png,2
60a18a34-img_1162_box2_3.png,2
35b2f9a4-img_1847_box0_9.png,2
c953a3e5-img_0384_box0_5.png,2
6685a87b-img_0410_box0_0.png,2
8d84e932-img_0884_box0_3.png,2
86bd18b7-img_0684_box0_4.png,2
45783b62-img_0649_box0_4.png,2
c091f53a-img_1124_box0_1.png,2
b13f9201-img_0676_box0_8.png,2
f467608e-img_0333_box0_4.png,2
17b64bd2-img_1848_box0_5.png,2
382896ac-img_1573_box0_9.png,2
fd131c29-img_1952_box0_1.png,2
b1819f06-img_1961_box0_4.png,2
b9d1ae09-img_1841_box0_2.png,2
964dbf97-img_1759_box0_7.png,2
dab980bb-img_0083_box0_1.png,2
71c746ca-img_1809_box0_7.png,2
f78abeca-img_1288_box0_8.png,2
68e60d23-img_0323_box0_7.png,2
c0ca3a54-img_1641_box0_2.png,2
b681b5e8-img_0800_box0_9.png,2
21c5b397-img_1997_box0_1.png,2
a32f4040-img_0357_box0_4.png,2
76ea282d-img_0290_box0_8.png,2
13f25760-img_1827_box0_0.png,2
261169ae-img_0294_box0_7.png,2
a8cf3776-img_1869_box0_7.png,2
dc000f60-img_0292_box0_1.png,2
9116c610-img_0908_box0_3.png,2
9bc3dd8d-img_0750_box0_7.png,2
21a882b1-img_1091_box0_2.png,2
a0e7bd45-img_1295_box0_2.png,2
19a962ef-img_1389_box0_8.png,2
43b827f8-img_1325_box0_8.png,2
b381a3c2-img_0376_box0_7.png,2
0342b11a-img_1249_box0_9.png,2
7fabc0ac-img_0902_box0_2.png,2
f219341f-img_1604_box0_3.png,2
47c6599d-img_0677_box0_3.png,2
a85ac013-img_1936_box0_2.png,2
324bd33e-img_0874_box0_3.png,2
ff735df9-img_1163_box0_4.png,2
165a8fec-img_1708_box0_4.png,2
49b094fd-img_1866_box0_1.png,2
db92ddb6-img_1111_box0_8.png,2
255e32c6-img_1382_box0_1.png,2
015b4497-img_1232_box0_7.png,2
eea8cde2-img_0434_box0_2.png,2
052f77d3-img_1388_box0_8.png,2
be9736f9-img_1454_box0_0.png,2
cd8ec4b3-img_1101_box0_5.png,2
fcd1d8c9-img_0195_box0_2.png,2
385cb822-img_1276_box0_2.png,2
e733638a-img_1235_box2_3.png,2
39393121-img_0903_box0_7.png,2
416180c0-img_0307_box0_9.png,2
b43cb27d-img_0441_box0_9.png,2
ad2b331d-img_1756_box0_3.png,2
43b827f8-img_1325_box0_1.png,2
e04764cf-img_1815_box0_8.png,2
987e6f25-img_0060_box0_7.png,2
ead7fa43-img_1405_box0_2.png,2
60f05283-img_1246_box0_7.png,2
f927cf92-img_1605_box0_9.png,2
67f622b5-img_1202_box0_8.png,2
d6d048ec-img_0375_box0_7.png,2
c091f53a-img_1124_box2_2.png,2
955b1af1-img_1772_box0_5.png,2
33980730-img_0854_box0_7.png,2
bd722347-img_1221_box0_3.png,2
baac19c8-img_1612_box0_1.png,2
60a18a34-img_1162_box1_2.png,2
015b4497-img_1232_box0_4.png,2
67f233d8-img_0453_box0_3.png,2
ab87c00b-img_0221_box0_1.png,2
1327d650-img_0840_box0_7.png,2
d5269fab-img_0521_box0_2.png,2
db43b18d-img_1970_box0_7.png,2
c5b1fcb9-img_1149_box0_2.png,2
d20ced95-img_1699_box0_4.png,2
be7ffc3a-img_1210_box0_0.png,2
8fb0d74f-img_0239_box0_3.png,2
0584d8c5-img_1814_box0_5.png,2
1488b24f-img_0059_box0_7.png,2
078b63ee-img_0747_box0_2.png,2
71c746ca-img_1809_box0_4.png,2
ebaef50e-img_1495_box0_3.png,2
296d4dd0-img_0247_box0_7.png,2
26edc013-img_0063_box0_7.png,2
61e672ad-img_0508_box0_2.png,2
96aea525-img_1805_box0_2.png,2
ef12392f-img_1742_box0_2.png,2
47c6599d-img_0677_box0_7.png,2
ed8ab46f-img_0474_box0_0.png,2
118200ce-img_1581_box0_3.png,2
81c17c82-img_0328_box0_7.png,2
53eb7400-img_1167_box0_2.png,2
234086ae-img_0922_box0_0.png,2
646a04cf-img_1311_box0_0.png,2
2098a8c7-img_0319_box0_1.png,2
d838a04d-img_0452_box0_2.png,2
c1305e85-img_0099_box0_8.png,2
3524ad90-img_0540_box0_0.png,2
e3ee750b-img_0131_box0_1.png,2
e13a2f38-img_1392_box0_3.png,2
ba80bc20-img_1237_box0_7.png,2
e14dd10b-img_0740_box0_2.png,2
72a66161-img_1744_box0_5.png,2
29d7bad4-img_1868_box0_5.png,2
52ee12ff-img_1867_box0_1.png,2
194c9dc2-img_0347_box0_3.png,2
8e9a499b-img_0905_box0_8.png,2
e4b6fae6-img_0561_box0_3.png,2
6745665f-img_1477_box0_4.png,2
ed2a4138-img_0238_box0_10.png,2
d3a084d6-img_0318_box0_4.png,2
658108ac-img_1625_box0_9.png,2
afc45737-img_0411_box0_0.png,2
e72a0e62-img_0859_box0_5.png,2
c091f53a-img_1124_box1_3.png,2
b9253686-img_0606_box0_8.png,2
25460e0e-img_0699_box0_4.png,2
a652290f-img_0077_box0_8.png,2
31d06464-img_1362_box0_7.png,2
79d8470d-img_1037_box0_9.png,2
f59c0567-img_0442_box0_1.png,2
c178160c-img_1120_box1_1.png,2
da8d59cb-img_1059_box0_8.png,2
45d0a74c-img_0809_box0_8.png,2
fc4ba2f5-img_0614_box0_5.png,2
e80f893c-img_1991_box0_6.png,2
d9a527be-img_0952_box0_7.png,2
fec37ecb-img_0329_box0_1.png,2
572a4605-img_1906_box0_4.png,2
d7e04c6e-img_1205_box0_1.png,2
36267d9e-img_0229_box0_7.png,2
980d4c98-img_0729_box0_1.png,2
e733638a-img_1235_box3_7.png,2
b01af453-img_0400_box0_8.png,2
c9e837cd-img_1640_box0_9.png,2
49b094fd-img_1866_box0_7.png,2
b3007a3e-img_0286_box0_7.png,2
f15189af-img_0768_box0_7.png,2
72ff7535-img_1291_box0_2.png,2
34de0414-img_1385_box0_8.png,2
a9f6fb7b-img_1042_box0_1.png,2
116c4e82-img_1505_box0_0.png,2
68dacc85-img_1086_box0_7.png,2
e57dc4ba-img_0983_box0_4.png,2
35378995-img_0312_box0_8.png,2
5683a72f-img_1272_box0_8.png,2
2748d048-img_1127_box0_0.png,2
6526cc39-img_1651_box0_2.png,2
26869b9e-img_1065_box0_1.png,2
e9b56ecc-img_0253_box0_7.png,2
fbdf5027-img_0047_box0_2.png,2
eb977267-img_0971_box0_4.png,2
813a90e5-img_1491_box0_2.png,2
c9e84dbd-img_1836_box0_3.png,2
052f77d3-img_1388_box0_9.png,2
dda16e82-img_1097_box0_0.png,2
91713c09-img_1509_box0_7.png,2
940149b6-img_0588_box0_8.png,2
9bdfb664-img_1619_box0_1.png,2
faf2e889-img_1839_box0_7.png,2
ab87c00b-img_0221_box0_7.png,2
aa1aa9c6-img_0334_box0_4.png,2
799efa7f-img_1556_box0_4.png,2
b1819f06-img_1961_box0_7.png,2
4400c7c6-img_1609_box0_4.png,2
def317b2-img_1765_box0_2.png,2
c59f0adc-img_1652_box0_9.png,2
3683f30d-img_1383_box0_2.png,2
99311b49-img_1175_box1_5.png,2
81c17c82-img_0328_box0_2.png,2
c178160c-img_1120_box1_4.png,2
744c24c1-img_0846_box0_2.png,2
84af32e5-img_0725_box0_3.png,2
bab5d410-img_0977_box0_9.png,2
be7ffc3a-img_1210_box0_8.png,2
9f0f40e5-img_0025_box0_5.png,2
f8214993-img_1741_box0_3.png,2
81f08df1-img_1885_box0_4.png,2
92c86a75-img_0829_box0_9.png,2
a00e4cec-img_1799_box0_1.png,2
fd131c29-img_1952_box0_4.png,2
eff2d37d-img_0525_box0_2.png,2
71bc56ef-img_1499_box0_3.png,2
b83d3546-img_0558_box0_9.png,2
d3aa6ad8-img_1527_box0_7.png,2
27687a40-img_1549_box0_3.png,2
f6b1e361-img_1260_box0_9.png,2
b4e8b7ca-img_1850_box0_8.png,2
c4b838c5-img_0260_box0_9.png,2
12dc88b6-img_0297_box0_5.png,2
82b719ab-img_1296_box0_1.png,2
7e7578d8-img_1908_box0_0.png,2
9103eff0-img_1883_box0_9.png,2
682ddd99-img_0212_box0_3.png,2
97e9462c-img_1482_box0_4.png,2
7e7c668a-img_0607_box0_2.png,2
16624812-img_1434_box0_8.png,2
a9c45d3b-img_0061_box0_7.png,2
05116ae9-img_1047_box0_7.png,2
91713c09-img_1509_box0_1.png,2
572a4605-img_1906_box0_1.png,2
296d4dd0-img_0247_box0_8.png,2
b99c28af-img_1957_box0_3.png,2
39ef7bf8-img_0896_box0_4.png,2
dff2d15a-img_0293_box0_7.png,2
b3ba44bc-img_1380_box0_4.png,2
86b72816-img_1190_box0_1.png,2
f6020054-img_0698_box0_7.png,2
b2ce4c59-img_2001_box0_6.png,2
13b38b9d-img_1533_box0_2.png,2
da7d4eee-img_1488_box1_0.png,2
e8b333ae-img_1155_box2_2.png,2
8f1fccd7-img_1667_box0_3.png,2
17c0580e-img_1263_box0_1.png,2
dcd5e01d-img_0296_box0_8.png,2
bb7e8f43-img_0236_box0_7.png,2
32130689-img_0141_box0_8.png,2
8d26faac-img_0490_box0_5.png,2
86df16f8-img_1971_box0_1.png,2
95beea3d-img_1572_box0_3.png,2
adab00a6-img_1981_box0_2.png,2
dff2d15a-img_0293_box0_8.png,2
39ab3651-img_1305_box0_0.png,2
fb322478-img_1341_box0_2.png,2
167ad597-img_1905_box0_8.png,2
a6af72e9-img_0820_box0_9.png,2
437db25f-img_0512_box0_1.png,2
11c33b43-img_0886_box0_7.png,2
d73646ba-img_1081_box0_4.png,2
e80f893c-img_1991_box0_7.png,2
93a8c35d-img_0514_box0_3.png,2
fc3d9c1f-img_1195_box0_4.png,2
e70411e3-img_1636_box0_8.png,2
f15b0633-img_0645_box0_4.png,2
def259d2-img_0234_box0_5.png,2
15a02388-img_1722_box0_8.png,2
501db34c-img_1008_box0_8.png,2
147847e8-img_1670_box0_1.png,2
84af32e5-img_0725_box0_8.png,2
182f24eb-img_1239_box0_1.png,2
97064826-img_0105_box0_2.png,2
794174ca-img_0175_box0_4.png,2
afba3cdc-img_0466_box0_9.png,2
d8298746-img_1158_box0_5.png,2
48811185-img_1394_box0_1.png,2
5591156c-img_1808_box0_4.png,2
d2103c36-img_0995_box0_4.png,2
020fa27c-img_1795_box0_8.png,2
3240cca1-img_1015_box0_3.png,2
be9736f9-img_1454_box0_7.png,2
755e0003-img_0295_box0_8.png,2
9022af87-img_1696_box0_2.png,2
92a94fb0-img_1944_box0_3.png,2
f02894ae-img_0184_box7_7.png,2
15df1b37-img_0341_box0_4.png,2
5912aea4-img_1545_box0_8.png,2
f467608e-img_0333_box0_1.png,2
fba5cc31-img_1069_box0_7.png,2
be7ffc3a-img_1210_box0_2.png,2
5591156c-img_1808_box0_7.png,2
933211f4-img_0960_box0_1.png,2
015b4497-img_1232_box0_2.png,2
47049b32-img_1337_box0_8.png,2
e7d54e17-img_1108_box0_2.png,2
933ca0c0-img_1702_box0_3.png,2
8d1ed6b5-img_1336_box0_7.png,2
17c0580e-img_1263_box0_8.png,2
c4732778-img_1575_box0_4.png,2
cd8ec4b3-img_1101_box2_5.png,2
167ad597-img_1905_box0_9.png,2
b8c88453-img_0320_box0_1.png,2
bc6e16f5-img_0860_box0_1.png,2
c5b1fcb9-img_1149_box0_4.png,2
067a54f7-img_1049_box0_4.png,2
927c7d27-img_0396_box0_8.png,2
c953a3e5-img_0384_box0_3.png,2
c871c23b-img_0590_box0_7.png,2
775c8208-img_1432_box0_2.png,2
49889f94-img_0112_box0_1.png,2
6007861f-img_0746_box0_4.png,2
d08e8058-img_0556_box0_4.png,2
aae9475c-img_0751_box0_8.png,2
bf876c00-img_1632_box0_5.png,2
c0ca3a54-img_1641_box0_1.png,2
dcd5e01d-img_0296_box0_7.png,2
f982cd50-img_1933_box0_0.png,2
914c216d-img_1748_box0_4.png,2
dd517fc3-img_0361_box0_4.png,2
2621567a-img_1781_box0_8.png,2
448d752a-img_1840_box0_5.png,2
da166122-img_1972_box0_0.png,2
43a14ff9-img_0998_box0_1.png,2
1256815d-img_1032_box0_2.png,2
20c12ea9-img_0332_box0_2.png,2
645011a0-img_0506_box0_2.png,2
dc255a1f-img_0616_box0_7.png,2
9bd32f0d-img_1321_box0_8.png,2
a0ba300e-img_0471_box0_9.png,2
c9ee0ccf-img_1283_box0_2.png,2
e77cc8c4-img_1953_box0_1.png,2
048b1144-img_0257_box1_1.png,2
aff71620-img_2013_box0_0.png,2
65fcef62-img_0770_box0_7.png,2
da26ae27-img_1590_box0_0.png,2
c4a8928d-img_0252_box0_8.png,2
8e4adb6e-img_1606_box0_9.png,2
365c5920-img_1193_box0_6.png,2
a6af72e9-img_0820_box0_7.png,2
23f97d45-img_0763_box0_0.png,2
21a882b1-img_1091_box0_8.png,2
da8d59cb-img_1059_box0_3.png,2
9abd8f82-img_1240_box0_7.png,2
c091f53a-img_1124_box0_5.png,2
645011a0-img_0506_box0_4.png,2
23f97d45-img_0763_box0_7.png,2
9f25b901-img_1875_box0_2.png,2
adab00a6-img_1981_box0_1.png,2
b3ba44bc-img_1380_box0_1.png,2
758f4c81-img_0065_box0_1.png,2
36fd5e41-img_0120_box0_4.png,2
db92ddb6-img_1111_box0_3.png,2
8d84e932-img_0884_box0_8.png,2
26869b9e-img_1065_box0_4.png,2
99bb3d1b-img_0883_box0_4.png,2
fb84182b-img_1811_box0_2.png,2
d4c7bff4-img_1227_box0_3.png,2
20c12ea9-img_0332_box0_8.png,2
31d06464-img_1362_box0_0.png,2
c49de6d9-img_0269_box0_4.png,2
eff2d37d-img_0525_box0_8.png,2
d19c372f-img_0291_box0_8.png,2
f219341f-img_1604_box0_7.png,2
3240cca1-img_1015_box0_1.png,2
d08e8058-img_0556_box0_3.png,2
e14dd10b-img_0740_box0_9.png,2
be4f5f7a-img_1718_box0_9.png,2
bb704d64-img_0231_box1_4.png,2
c5e5ca12-img_1736_box0_1.png,2
d863e435-img_0005_box0_9.png,2
da8d59cb-img_1059_box0_2.png,2
68e60d23-img_0323_box0_9.png,2
04521a5a-img_0121_box0_8.png,2
dd11a07f-img_0356_box0_8.png,2
31f66f08-img_0197_box1_0.png,2
d3bf80f1-img_0961_box0_3.png,2
365c5920-img_1193_box1_0.png,2
93a8c35d-img_0514_box0_7.png,2
7ea854a1-img_1226_box0_7.png,2
e77f7924-img_1459_box0_1.png,2
369e447a-img_1152_box1_2.png,2
018e2168-img_1121_box1_3.png,2
983606d3-img_0615_box0_3.png,2
078b63ee-img_0747_box0_5.png,2
46673d46-img_1294_box0_1.png,2
def317b2-img_1765_box0_3.png,2
72a66161-img_1744_box0_2.png,2
a38377dc-img_0449_box0_3.png,2
18d55fd4-img_0489_box0_1.png,2
305db3fd-img_1525_box0_8.png,2
d4f70652-img_1107_box0_2.png,2
9901a03b-img_0953_box0_2.png,2
f7ea7b75-img_1342_box0_1.png,2
91108812-img_0488_box0_7.png,2
8842924f-img_1180_box0_2.png,2
7fabc0ac-img_0902_box0_8.png,2
f4ec1193-img_0619_box0_3.png,2
127826dc-img_1565_box0_4.png,2
bd722347-img_1221_box0_1.png,2
80eb66df-img_1474_box0_4.png,2
7f1feaba-img_0482_box0_2.png,2
9bdd69c8-img_1446_box0_1.png,2
bc05f4bf-img_1743_box0_0.png,2
31ce28f7-img_1349_box0_1.png,2
6968737b-img_1806_box0_7.png,2
ac635faa-img_0414_box0_3.png,2
eda49781-img_1720_box0_1.png,2
c091f53a-img_1124_box2_3.png,2
68e60d23-img_0323_box0_5.png,2
04521a5a-img_0121_box0_4.png,2
ec10a42d-img_0553_box0_7.png,2
9dec9dea-img_1172_box0_1.png,2
87b66a1c-img_0385_box0_3.png,2
61e672ad-img_0508_box0_4.png,2
208a22b1-img_1599_box0_0.png,2
67bf4fb7-img_1618_box0_2.png,2
f8214993-img_1741_box0_0.png,2
9ddf6c7e-img_1837_box0_7.png,2
73f49f61-img_0798_box0_7.png,2
e8b333ae-img_1155_box2_6.png,2
365c5920-img_1193_box1_4.png,2
86df16f8-img_1971_box0_7.png,2
22caeb51-img_0230_box0_5.png,2
e040e0ab-img_0613_box0_4.png,2
73f49f61-img_0798_box0_9.png,2
d9278058-img_1103_box0_5.png,2
da780b77-img_0997_box0_2.png,2
db92ddb6-img_1111_box0_9.png,2
87b66a1c-img_0385_box0_5.png,2
964dbf97-img_1759_box0_4.png,2
97064826-img_0105_box0_3.png,2
8f5cf493-img_0298_box0_5.png,2
203b9f55-img_0367_box0_1.png,2
f3580ba4-img_0459_box0_1.png,2
449f1fbd-img_1185_box0_3.png,2
7e8723fb-img_0793_box0_3.png,2
60dbfc27-img_0930_box0_4.png,2
f6020054-img_0698_box0_0.png,2
869b9742-img_1278_box0_2.png,2
c4a8928d-img_0252_box0_0.png,2
49e52ed8-img_0110_box0_1.png,2
43a14ff9-img_0998_box0_2.png,2
99311b49-img_1175_box1_2.png,2
cc56b5bb-img_1724_box0_3.png,2
d52a6436-img_0500_box1_8.png,2
fe975dc7-img_0580_box0_4.png,2
067a54f7-img_1049_box0_2.png,2
45d0a74c-img_0809_box0_1.png,2
494b7939-img_1469_box0_7.png,2
b8f99fb8-img_1688_box0_4.png,2
60732a63-img_0450_box0_2.png,2
5896531d-img_0612_box0_1.png,2
9dd6d61a-img_1220_box0_3.png,2
55a2acb2-img_0743_box0_3.png,2
f569b10c-img_1397_box0_8.png,2
453fb507-img_0931_box0_3.png,2
a78b8582-img_0305_box0_2.png,2
0367cfeb-img_1000_box0_0.png,2
365c5920-img_1193_box2_6.png,2
d2459e13-img_0470_box0_3.png,2
983606d3-img_0615_box0_0.png,2
57d91646-img_0116_box0_3.png,2
32d13729-img_0696_box0_8.png,2
20de06e8-img_0669_box0_3.png,2
77f6a3a9-img_1214_box0_3.png,2
98f1c947-img_1225_box0_1.png,2
a090df1e-img_1182_box0_2.png,2
43f071c1-img_1942_box0_7.png,2
fade15a3-img_0853_box0_4.png,2
be4f5f7a-img_1718_box0_0.png,2
d8298746-img_1158_box0_3.png,2
6685a87b-img_0410_box0_3.png,2
cc784e8b-img_1328_box0_7.png,2
16624812-img_1434_box0_2.png,2
369e447a-img_1152_box1_6.png,2
ebaef50e-img_1495_box0_4.png,2
2682d113-img_0802_box0_7.png,2
a543505a-img_1183_box0_1.png,2
bd9345f0-img_1025_box0_9.png,2
9062194a-img_1361_box0_7.png,2
8e158583-img_1695_box0_9.png,2
28d77a39-img_1259_box0_9.png,2
324bd33e-img_0874_box0_7.png,2
93ff566c-img_0994_box0_1.png,2
be4f5f7a-img_1718_box0_7.png,2
f02894ae-img_0184_box4_7.png,2
5701fb29-img_0721_box0_8.png,2
8a7c8605-img_0875_box0_7.png,2
39ab3651-img_1305_box0_9.png,2
fc837339-img_0630_box0_5.png,2
c871c23b-img_0590_box0_9.png,2
275c0451-img_0227_box0_7.png,2
282197c8-img_1140_box0_1.png,2
b5b0caca-img_0993_box0_1.png,2
686a3ae4-img_1157_box0_2.png,2
815274a6-img_1189_box0_3.png,2
f59c0567-img_0442_box0_9.png,2
796a2fd5-img_1156_box0_1.png,2
d2b04a8d-img_1500_box0_4.png,2
39a4586f-img_1298_box0_2.png,2
72a66161-img_1744_box0_8.png,2
ab87c00b-img_0221_box0_3.png,2
cc6acb8b-img_0457_box0_3.png,2
bb704d64-img_0231_box0_10.png,2
b2ce4c59-img_2001_box0_3.png,2
258946db-img_1046_box0_5.png,2
416180c0-img_0307_box0_5.png,2
7e2eba54-img_1701_box0_3.png,2
7d9804d0-img_0285_box0_2.png,3
e3a62f26-img_0842_box0_8.png,3
933211f4-img_0960_box0_2.png,3
d6d048ec-img_0375_box0_4.png,3
b381a3c2-img_0376_box0_5.png,3
35378995-img_0312_box0_7.png,3
2621567a-img_1781_box0_2.png,3
8f5cf493-img_0298_box0_4.png,3
e27d3f16-img_1770_box0_4.png,3
ed134b7f-img_0235_box0_10.png,3
c9ffa7bb-img_0982_box0_3.png,3
5705fcc9-img_1854_box0_5.png,3
c5e5ca12-img_1736_box0_3.png,3
e6b21c5c-img_1138_box0_7.png,3
e6b21c5c-img_1138_box0_8.png,3
d3142344-img_1617_box0_3.png,3
d6e84e6d-img_0586_box0_4.png,3
bf876c00-img_1632_box0_4.png,3
00da7e46-img_0085_box0_6.png,3
2b4c9ac7-img_1160_box0_1.png,3
c23850b7-img_1979_box0_5.png,3
de687872-img_1963_box0_7.png,3
7cb1ed16-img_0897_box0_2.png,3
7fe5912c-img_1519_box0_7.png,3
eda49781-img_1720_box0_3.png,3
dfffb005-img_1003_box0_0.png,3
e77cc8c4-img_1953_box0_6.png,3
006a624f-img_0166_box0_5.png,3
7a9f37ef-img_1467_box0_4.png,3
127826dc-img_1565_box0_3.png,3
ea7aabf9-img_0627_box0_3.png,3
f3b24e72-img_0501_box0_2.png,3
e0ab5309-img_0416_box0_3.png,3
bd42c4ff-img_0892_box0_1.png,3
12dc88b6-img_0297_box0_3.png,3
5b54110e-img_1954_box0_5.png,3
dad7dc44-img_1442_box0_4.png,3
1256815d-img_1032_box0_1.png,3
382896ac-img_1573_box0_3.png,3
d31a64e7-img_0213_box0_4.png,3
9819a7b3-img_1928_box0_8.png,3
5ff81321-img_1094_box0_8.png,3
1ffa5e00-img_0687_box0_1.png,3
c1de7f6f-img_1578_box0_9.png,3
de074a68-img_1703_box0_1.png,3
d3142344-img_1617_box0_9.png,3
d52a6436-img_0500_box0_8.png,3
9f83d658-img_1982_box0_7.png,3
bca2512c-img_0267_box0_3.png,3
a8b2b7e7-img_0923_box0_8.png,3
a0a9e640-img_1398_box0_5.png,3
0bde1e92-img_0491_box0_3.png,3
fdeb1a7b-img_1230_box1_8.png,3
b2e06da7-img_1904_box0_5.png,3
b1819f06-img_1961_box0_2.png,3
06d670fa-img_1468_box0_1.png,3
2ce46d33-img_0364_box0_1.png,3
05ffffda-img_1679_box0_1.png,3
47100a44-img_0925_box0_0.png,3
6c060a1d-img_0438_box0_2.png,3
9c6b11d4-img_1066_box0_8.png,3
8ac03e05-img_0280_box0_1.png,3
60847993-img_0990_box0_2.png,3
a88b9468-img_1751_box0_4.png,3
91108812-img_0488_box0_2.png,3
64107997-img_1153_box0_8.png,3
c953a3e5-img_0384_box0_8.png,3
c9ffa7bb-img_0982_box0_4.png,3
a93015be-img_1265_box0_7.png,3
a76d1cdc-img_1084_box0_8.png,3
d52a6436-img_0500_box0_3.png,3
ccc6f9d7-img_0203_box1_1.png,3
afc45737-img_0411_box0_9.png,3
f15189af-img_0768_box0_8.png,3
0cd160e6-img_0409_box0_2.png,3
f32d1cbe-img_0272_box0_6.png,3
3ad4de9f-img_1792_box0_9.png,3
bd9345f0-img_1025_box0_4.png,3
9abe48dd-img_1444_box0_9.png,3
8e2047bf-img_0870_box0_8.png,3
2f4dcf6e-img_1331_box0_6.png,3
20384117-img_1136_box0_2.png,3
eff2d37d-img_0525_box0_6.png,3
8fb0d74f-img_0239_box0_7.png,3
5c3947da-img_0439_box0_4.png,3
2faa7c78-img_1550_box0_7.png,3
5683a72f-img_1272_box0_3.png,3
fc5bd41a-img_0053_box0_5.png,3
bb4c326f-img_0027_box0_4.png,3
192739eb-img_0000_box0_3.png,3
e548446b-img_1490_box0_9.png,3
8b41434c-img_1408_box0_9.png,3
5bb8f278-img_0462_box0_3.png,3
f32d1cbe-img_0272_box0_4.png,3
b3cb6391-img_0909_box0_8.png,3
b566e907-img_1071_box0_2.png,3
7628777a-img_1627_box0_9.png,3
4f5682fe-img_1222_box0_9.png,3
bd035dfc-img_0744_box0_8.png,3
dcc1b54e-img_1518_box0_4.png,3
b0baf860-img_0335_box0_5.png,3
bd722347-img_1221_box0_5.png,3
6745665f-img_1477_box0_9.png,3
47049b32-img_1337_box0_5.png,3
fec37ecb-img_0329_box0_3.png,3
e733638a-img_1235_box1_3.png,3
bc2bacb2-img_0797_box0_2.png,3
ff735df9-img_1163_box0_3.png,3
e8b333ae-img_1155_box1_4.png,3
7d1bec9a-img_1946_box0_3.png,3
dd517fc3-img_0361_box0_9.png,3
8f3a0bb0-img_0543_box0_5.png,3
aaed818b-img_0271_box0_4.png,3
4f1c7f74-img_1653_box0_3.png,3
b20bb769-img_0631_box0_8.png,3
bacd5d7a-img_1909_box0_3.png,3
a0916289-img_1386_box0_4.png,3
e3a62f26-img_0842_box0_1.png,3
d52a6436-img_0500_box1_5.png,3
ed8915cc-img_1023_box0_7.png,3
12dc88b6-img_0297_box0_4.png,3
a9608204-img_1514_box0_5.png,3
ec3a0163-img_1304_box0_0.png,3
e733638a-img_1235_box3_3.png,3
8b0aeec8-img_0031_box0_4.png,3
5fbf3f8e-img_1484_box1_3.png,3
03e098b7-img_1645_box0_2.png,3
0fc39c7d-img_0855_box0_2.png,3
794174ca-img_0175_box0_6.png,3
b20bb769-img_0631_box0_1.png,3
eb2ab965-img_1018_box0_3.png,3
f737ce72-img_1678_box0_3.png,3
d4f70652-img_1107_box0_1.png,3
4bb87448-img_0617_box0_8.png,3
8688c2ca-img_1024_box0_0.png,3
d402f182-img_1293_box0_5.png,3
6d5c2b03-img_0951_box0_5.png,3
4c7fad7f-img_1717_box0_9.png,3
3fe3e099-img_1166_box0_2.png,3
7d1bec9a-img_1946_box0_6.png,3
5ff81321-img_1094_box0_3.png,3
c5ea56f8-img_1654_box0_3.png,3
e8c2071d-img_0447_box0_7.png,3
e6cf3ed9-img_0690_box0_4.png,3
bec89e06-img_1343_box0_3.png,3
e5e3a130-img_1266_box0_4.png,3
9103eff0-img_1883_box0_7.png,3
9901a03b-img_0953_box0_1.png,3
6b46fa13-img_1430_box0_2.png,3
a9f6fb7b-img_1042_box0_8.png,3
3e89662b-img_1937_box0_2.png,3
7f1feaba-img_0482_box0_8.png,3
c9897947-img_0808_box0_9.png,3
cbe95ea2-img_0274_box0_2.png,3
8762ffdc-img_1102_box0_3.png,3
bcb65923-img_1068_box0_5.png,3
2a8a03ed-img_1116_box0_1.png,3
6ec94338-img_1601_box0_8.png,3
7e2eba54-img_1701_box0_1.png,3
12213d8a-img_1915_box0_2.png,3
ef758bec-img_0731_box0_8.png,3
3aea4bfc-img_1224_box0_2.png,3
a32f4040-img_0357_box0_2.png,3
e60040d8-img_1375_box0_4.png,3
55510a85-img_1358_box0_5.png,3
bb7d2bce-img_1769_box0_8.png,3
afc45737-img_0411_box0_7.png,3
8c17714f-img_1078_box0_4.png,3
baac19c8-img_1612_box0_2.png,3
fc82296d-img_0712_box0_2.png,3
0a8fdbf9-img_1846_box0_9.png,3
a6eedece-img_0933_box0_2.png,3
2ecf3840-img_1807_box0_1.png,3
ea7aabf9-img_0627_box0_8.png,3
f2c92235-img_1377_box0_9.png,3
dacd2eb3-img_1105_box0_4.png,3
b17db5dd-img_0136_box0_5.png,3
7c1920bb-img_0527_box0_5.png,3
7e7c668a-img_0607_box0_8.png,3
d402f182-img_1293_box0_3.png,3
dd11a07f-img_0356_box0_3.png,3
7341e768-img_0939_box0_2.png,3
c23cb101-img_1757_box0_4.png,3
c091f53a-img_1124_box2_5.png,3
d76972f3-img_0815_box0_1.png,3
01b3319f-img_0738_box0_5.png,3
9baf0d8c-img_1538_box0_8.png,3
d76972f3-img_0815_box0_4.png,3
e030770f-img_1874_box0_1.png,3
b78f497e-img_0152_box0_4.png,3
afba3cdc-img_0466_box0_1.png,3
51665fa2-img_1777_box0_3.png,3
bec89e06-img_1343_box0_8.png,3
0c071a1a-img_1710_box0_9.png,3
49091a2d-img_1357_box0_9.png,3
ebaef50e-img_1495_box0_9.png,3
3ad4de9f-img_1792_box0_5.png,3
6b9d47bc-img_1089_box0_5.png,3
60732a63-img_0450_box0_8.png,3
5701fb29-img_0721_box0_2.png,3
bb704d64-img_0231_box1_1.png,3
ec2020b8-img_1520_box0_1.png,3
32576090-img_1247_box0_2.png,3
ed5ba531-img_1611_box0_7.png,3
87492f67-img_0211_box0_6.png,3
a0916289-img_1386_box0_8.png,3
a32f4040-img_0357_box0_1.png,3
4b14a232-img_1902_box0_2.png,3
be3b82f9-img_1750_box0_4.png,3
ea452bc9-img_1270_box0_7.png,3
6685a87b-img_0410_box0_7.png,3
a3feb732-img_1145_box0_4.png,3
ace366f3-img_0996_box0_1.png,3
f219341f-img_1604_box0_9.png,3
0cca3bb6-img_0478_box0_7.png,3
5e37a86c-img_1218_box0_4.png,3
fd94759a-img_1785_box0_4.png,3
ba42e381-img_0913_box0_4.png,3
bfff1fd9-img_0876_box0_9.png,3
be3b82f9-img_1750_box0_8.png,3
0eedb10f-img_0915_box0_8.png,3
b43cb27d-img_0441_box0_8.png,3
d4f70652-img_1107_box0_8.png,3
4ea01b0c-img_1674_box0_9.png,3
e643f8bf-img_0284_box0_3.png,3
e7b205be-img_1350_box0_2.png,3
dd6bd05e-img_1396_box0_9.png,3
1ee9fece-img_1530_box0_9.png,3
e6b0ec02-img_1901_box0_8.png,3
6de2b56e-img_0591_box0_2.png,3
9b8dca68-img_1428_box0_4.png,3
8b251970-img_0671_box0_8.png,3
3e860314-img_2019_box0_2.png,3
a00e4cec-img_1799_box0_6.png,3
cc6acb8b-img_0457_box0_2.png,3
d31a64e7-img_0213_box0_8.png,3
1ce387f0-img_0898_box0_5.png,3
234086ae-img_0922_box0_3.png,3
46673d46-img_1294_box0_8.png,3
d9a527be-img_0952_box0_2.png,3
b98a1d9b-img_1123_box0_2.png,3
5683a72f-img_1272_box0_9.png,3
9b8dca68-img_1428_box0_2.png,3
9dd6d61a-img_1220_box0_2.png,3
c8092e87-img_1624_box0_3.png,3
60202219-img_1791_box0_1.png,3
7512c1ef-img_1588_box0_9.png,3
cbd11712-img_1132_box0_2.png,3
fbf4d9d9-img_0355_box0_3.png,3
0fe83df9-img_1672_box0_0.png,3
9b0b0a6e-img_0648_box0_4.png,3
9b0b0a6e-img_0648_box0_8.png,3
d2b04a8d-img_1500_box0_9.png,3
dd401798-img_1586_box0_4.png,3
5683a72f-img_1272_box0_7.png,3
e733638a-img_1235_box3_8.png,3
9fd9fb07-img_0652_box0_5.png,3
1e32a027-img_1401_box0_9.png,3
c0df70ac-img_1623_box0_1.png,3
ed5ba531-img_1611_box0_1.png,3
a5269e3c-img_0054_box0_4.png,3
6bf8b758-img_0315_box0_5.png,3
b98a1d9b-img_1123_box0_1.png,3
c98548a6-img_0567_box0_5.png,3
ccc6f9d7-img_0203_box0_4.png,3
b6786c4a-img_0058_box0_8.png,3
7341e768-img_0939_box0_8.png,3
1de819b3-img_0636_box0_5.png,3
cc56b5bb-img_1724_box0_1.png,3
9808329b-img_1064_box0_4.png,3
3cfa767f-img_1463_box0_9.png,3
00f10794-img_1529_box0_9.png,3
e030770f-img_1874_box0_2.png,3
2ea3b4ec-img_0851_box0_1.png,3
b031eb6e-img_0850_box0_4.png,3
b3ba44bc-img_1380_box0_2.png,3
416180c0-img_0307_box0_3.png,3
d723f3d8-img_1671_box0_9.png,3
a6eedece-img_0933_box0_8.png,3
72496f16-img_0282_box0_5.png,3
5b078393-img_0539_box0_6.png,3
ab87c00b-img_0221_box0_2.png,3
f78abeca-img_1288_box0_3.png,3
2c6d2e9e-img_1598_box0_4.png,3
3c6769f5-img_1165_box0_4.png,3
97257941-img_1426_box0_9.png,3
abf63d70-img_1880_box0_4.png,3
8faedc92-img_1685_box0_8.png,3
88842de0-img_0326_box0_1.png,3
c7db387b-img_0790_box0_4.png,3
bd4667b1-img_1179_box0_7.png,3
006a624f-img_0166_box0_3.png,3
3cdf9dd4-img_1110_box0_3.png,3
6de2b56e-img_0591_box0_6.png,3
f02894ae-img_0184_box0_4.png,3
7a6aa284-img_0544_box0_5.png,3
8cb04afd-img_1630_box0_9.png,3
50137461-img_1561_box0_9.png,3
e2a8127d-img_1075_box0_5.png,3
a543505a-img_1183_box0_5.png,3
5896531d-img_0612_box0_6.png,3
9116c610-img_0908_box0_2.png,3
1c490250-img_0454_box0_3.png,3
8a96aa5e-img_1017_box0_4.png,3
b9f55617-img_0316_box0_5.png,3
aaed818b-img_0271_box0_6.png,3
8cc109b8-img_0130_box0_2.png,3
3ffcaaac-img_1001_box0_3.png,3
7becd3a3-img_0078_box0_3.png,3
3cdf3d70-img_1727_box0_9.png,3
0c4a7400-img_1771_box0_5.png,3
07c784cf-img_0674_box0_7.png,3
d76972f3-img_0815_box0_2.png,3
3aa7b213-img_0381_box0_2.png,3
e5016549-img_1693_box0_8.png,3
d6066fc6-img_1170_box0_8.png,3
815274a6-img_1189_box0_2.png,3
60847993-img_0990_box0_8.png,3
dda20edc-img_0965_box0_8.png,3
8adcac7c-img_0843_box0_8.png,3
1aac4eeb-img_1073_box0_7.png,3
3f0246b4-img_1558_box0_3.png,3
b46cf6a1-img_1812_box0_8.png,3
8e158583-img_1695_box0_5.png,3
0bde1e92-img_0491_box0_2.png,3
1e7e27f6-img_0283_box0_2.png,3
a6eedece-img_0933_box0_3.png,3
a103b27c-img_1794_box0_1.png,3
5af2db00-img_1115_box1_2.png,3
983606d3-img_0615_box0_7.png,3
1cd95196-img_0895_box0_2.png,3
e524ae78-img_0115_box0_4.png,3
dc255a1f-img_0616_box0_4.png,3
3e860314-img_2019_box0_4.png,3
0bb6fc15-img_0565_box0_4.png,3
e13a2f38-img_1392_box0_4.png,3
1d0dd8bd-img_1916_box0_1.png,3
1aac4eeb-img_1073_box0_0.png,3
7a410153-img_1890_box0_4.png,3
009995c3-img_1313_box0_6.png,3
6b9d47bc-img_1089_box0_8.png,3
6526cc39-img_1651_box0_5.png,3
8f1fccd7-img_1667_box0_5.png,3
b17921b3-img_0270_box0_6.png,3
c2434b82-img_0387_box0_4.png,3
ef758bec-img_0731_box0_3.png,3
c927740e-img_0524_box0_8.png,3
a0a9e640-img_1398_box0_9.png,3
eb5c13d1-img_0610_box0_4.png,3
c5e5ca12-img_1736_box0_2.png,3
98076fb9-img_0281_box0_5.png,3
b4a75b9b-img_1665_box0_4.png,3
da26ae27-img_1590_box0_4.png,3
5c517817-img_0589_box0_1.png,3
b575bda8-img_0378_box0_2.png,3
c5ea56f8-img_1654_box0_4.png,3
0d49d0df-img_1206_box0_8.png,3
3bf1454b-img_0458_box0_2.png,3
86470b85-img_0485_box0_2.png,3
00da7e46-img_0085_box0_5.png,3
2b4c9ac7-img_1160_box0_3.png,3
e4b6fae6-img_0561_box0_1.png,3
28804a14-img_1959_box0_4.png,3
c14f9972-img_0101_box0_8.png,3
1d24250a-img_0495_box0_2.png,3
6b9b1d46-img_0258_box0_9.png,3
9abe48dd-img_1444_box0_7.png,3
8f5cf493-img_0298_box0_3.png,3
2c3f9c4c-img_0783_box0_5.png,3
a32f4040-img_0357_box0_5.png,3
794174ca-img_0175_box0_8.png,3
5c5a849e-img_0728_box0_8.png,3
e60040d8-img_1375_box0_5.png,3
a6de8742-img_1956_box0_5.png,3
d31a64e7-img_0213_box0_5.png,3
f02894ae-img_0184_box0_0.png,3
16100ae0-img_0245_box0_2.png,3
6007861f-img_0746_box0_5.png,3
8a4f1dc1-img_1577_box0_1.png,3
7ff018bd-img_0891_box0_3.png,3
7a35e7a4-img_1373_box0_5.png,3
c5e5ca12-img_1736_box0_9.png,3
cc784e8b-img_1328_box0_2.png,3
be7ffc3a-img_1210_box0_4.png,3
5f2a9139-img_2017_box0_5.png,3
b8f99fb8-img_1688_box0_1.png,3
c65882ca-img_1507_box0_7.png,3
a8940af0-img_0433_box0_2.png,3
8a7c8605-img_0875_box0_8.png,3
27863ef1-img_0388_box0_8.png,3
5c5a849e-img_0728_box0_5.png,3
d6874f97-img_0835_box0_8.png,3
b2a43547-img_0707_box0_3.png,3
11b1d9e4-img_1884_box0_1.png,3
05ffffda-img_1679_box0_2.png,3
0e9a9e53-img_1931_box0_5.png,3
b73f3fc2-img_0276_box0_4.png,3
7becd3a3-img_0078_box0_4.png,3
4b14a232-img_1902_box0_6.png,3
9bdfb664-img_1619_box0_2.png,3
b523d116-img_1790_box0_1.png,3
be7ffc3a-img_1210_box0_9.png,3
2a0af09b-img_1818_box0_1.png,3
97959f39-img_1161_box0_1.png,3
c5ea56f8-img_1654_box0_5.png,3
9ac2e949-img_0504_box0_5.png,3
c5b1fcb9-img_1149_box1_6.png,3
ddbddb2b-img_1987_box0_1.png,3
8f453cf4-img_1650_box0_7.png,3
7e7578d8-img_1908_box0_2.png,3
25460e0e-img_0699_box0_5.png,3
0aa9d7b2-img_1729_box0_8.png,3
6f1e8db2-img_1929_box0_8.png,3
c11a5ac5-img_0268_box0_3.png,3
be6a3dc0-img_0672_box0_8.png,3
d2c4ee86-img_0497_box0_1.png,3
940149b6-img_0588_box0_2.png,3
d4617598-img_1504_box0_4.png,3
fcaeb8c6-img_1453_box0_8.png,3
1ead0e21-img_0336_box0_5.png,3
35378995-img_0312_box0_5.png,3
d520f5c7-img_1177_box0_3.png,3
09286b8a-img_0962_box0_1.png,3
f7de6363-img_1921_box0_8.png,3
f7995d97-img_1582_box0_9.png,3
8b0aeec8-img_0031_box0_0.png,3
6968737b-img_1806_box0_5.png,3
fcd1d8c9-img_0195_box0_4.png,3
be3b82f9-img_1750_box0_5.png,3
98337ccc-img_1502_box0_9.png,3
b381a3c2-img_0376_box0_4.png,3
07c784cf-img_0674_box0_9.png,3
bcbc4e25-img_1843_box0_1.png,3
da780b77-img_0997_box0_5.png,3
e524ae78-img_0115_box0_2.png,3
939230e6-img_1302_box0_8.png,3
afa8c421-img_1215_box0_3.png,3
f59c0567-img_0442_box0_8.png,3
6968737b-img_1806_box0_9.png,3
8c17714f-img_1078_box0_3.png,3
bb625d57-img_1493_box0_8.png,3
d8b778b4-img_1615_box0_3.png,3
e733638a-img_1235_box1_8.png,3
e13a2f38-img_1392_box0_2.png,3
e9c55cd6-img_1870_box0_8.png,3
e548446b-img_1490_box0_5.png,3
d6066fc6-img_1170_box0_1.png,3
fc3d9c1f-img_1195_box0_3.png,3
0fbfc127-img_1119_box3_8.png,3
a88b9468-img_1751_box0_2.png,3
6ef73072-img_1245_box0_2.png,3
26869b9e-img_1065_box0_8.png,3
b46cf6a1-img_1812_box0_7.png,3
8762ffdc-img_1102_box0_5.png,3
0b05970b-img_1022_box0_4.png,3
a99fe57e-img_1532_box0_4.png,3
b736e728-img_0321_box0_7.png,3
9fd9fb07-img_0652_box0_8.png,3
09dfe6a1-img_1705_box0_1.png,3
5af2db00-img_1115_box1_1.png,3
f20b94eb-img_0240_box0_7.png,3
e5009a40-img_1258_box0_9.png,3
ad10ff79-img_0390_box0_1.png,3
6c011b54-img_1143_box0_4.png,3
e7e1a918-img_1541_box0_4.png,3
99311b49-img_1175_box1_3.png,3
c5638fb9-img_0377_box0_2.png,3
12c845b4-img_0929_box0_3.png,3
fc3d9c1f-img_1195_box0_2.png,3
d8b778b4-img_1615_box0_4.png,3
3aea4bfc-img_1224_box0_5.png,3
f02894ae-img_0184_box3_2.png,3
4dd48465-img_0644_box0_3.png,3
3fe5512b-img_1497_box0_5.png,3
4e0a381f-img_1051_box0_0.png,3
1a1ece62-img_1637_box0_8.png,3
a8c66282-img_1608_box0_9.png,3
98984714-img_0354_box0_8.png,3
11b1d9e4-img_1884_box0_0.png,3
7ebc8397-img_1629_box0_5.png,3
d6066fc6-img_1170_box0_5.png,3
46673d46-img_1294_box0_6.png,3
1c57482e-img_1828_box0_1.png,3
d346ae52-img_1762_box0_3.png,3
b54824b6-img_0402_box0_5.png,3
c49de6d9-img_0269_box0_6.png,3
47049b32-img_1337_box0_2.png,3
b08288a2-img_1610_box0_9.png,3
f02894ae-img_0184_box6_2.png,3
f7995d97-img_1582_box0_3.png,3
8ee1c403-img_0170_box0_7.png,3
55722621-img_0351_box0_4.png,3
bf876c00-img_1632_box0_2.png,3
d19c372f-img_0291_box0_2.png,3
dc255a1f-img_0616_box0_1.png,3
9dd6d61a-img_1220_box0_5.png,3
16624812-img_1434_box0_7.png,3
9ac3a3dd-img_0086_box0_0.png,3
0bf13796-img_0789_box0_8.png,3
bb704d64-img_0231_box0_3.png,3
8f3a0bb0-img_0543_box0_1.png,3
0f8d8def-img_1201_box0_3.png,3
ab87c00b-img_0221_box0_8.png,3
ddbddb2b-img_1987_box0_0.png,3
c8092e87-img_1624_box0_9.png,3
a5d4455f-img_0714_box0_1.png,3
32130689-img_0141_box0_4.png,3
c9e837cd-img_1640_box0_7.png,3
dab980bb-img_0083_box0_2.png,3
1a3bb82c-img_1690_box0_2.png,3
d76972f3-img_0815_box0_8.png,3
9062194a-img_1361_box0_9.png,3
d6066fc6-img_1170_box0_3.png,3
11b1ebf0-img_1542_box0_4.png,3
2e6a0ca2-img_1515_box0_4.png,3
e63c4000-img_1109_box0_1.png,3
ea7aabf9-img_0627_box0_2.png,3
d3bf80f1-img_0961_box0_8.png,3
39343bc7-img_1268_box0_9.png,3
d3aa6ad8-img_1527_box0_9.png,3
8d573084-img_0651_box0_2.png,3
b46cf6a1-img_1812_box0_4.png,3
8e03793b-img_0944_box0_2.png,3
0ea29b74-img_1704_box0_1.png,3
5a05e975-img_1723_box0_2.png,3
5c3947da-img_0439_box0_1.png,3
8d573084-img_0651_box0_8.png,3
a03683e0-img_0837_box0_5.png,3
7a9feae0-img_1440_box0_2.png,3
bd722347-img_1221_box0_2.png,3
83032fa7-img_1955_box0_8.png,3
2a6071ee-img_0838_box0_4.png,3
49091a2d-img_1357_box0_3.png,3
d9f4ed38-img_0423_box0_5.png,3
ebaef50e-img_1495_box0_7.png,3
ead7fa43-img_1405_box0_9.png,3
dc81e359-img_1719_box0_8.png,3
0e9a9e53-img_1931_box0_1.png,3
e643f8bf-img_0284_box0_2.png,3
0f35b230-img_1978_box0_0.png,3
a00e4cec-img_1799_box0_2.png,3
a4002c91-img_0494_box0_1.png,3
e6b0ec02-img_1901_box0_5.png,3
f982cd50-img_1933_box0_4.png,3
ebd9a8ca-img_1335_box0_1.png,3
56169b21-img_0841_box0_0.png,3
6572e986-img_1734_box0_9.png,3
4f1c7f74-img_1653_box0_7.png,3
2f4dcf6e-img_1331_box0_4.png,3
b8c88453-img_0320_box0_7.png,3
ccb9a03c-img_0199_box1_8.png,3
c2434b82-img_0387_box0_8.png,3
be3b82f9-img_1750_box0_1.png,3
eb977267-img_0971_box0_8.png,3
3aa7b213-img_0381_box0_9.png,3
9c59726f-img_1639_box0_9.png,3
d09e67ce-img_1455_box0_7.png,3
a8aa8be2-img_0337_box0_9.png,3
01d5e787-img_1146_box0_1.png,3
a543505a-img_1183_box0_2.png,3
cb6fa2a4-img_1917_box0_5.png,3
8a426f9f-img_1029_box0_8.png,3
b9959b90-img_1203_box0_2.png,3
f02894ae-img_0184_box6_1.png,3
9022af87-img_1696_box0_0.png,3
0cca3bb6-img_0478_box0_8.png,3
d8b778b4-img_1615_box0_5.png,3
6370d121-img_0723_box0_3.png,3
b4ba31d5-img_0724_box0_8.png,3
dc000f60-img_0292_box0_2.png,3
6c011b54-img_1143_box0_6.png,3
dacd2eb3-img_1105_box0_7.png,3
a13f957e-img_1399_box0_9.png,3
8762ffdc-img_1102_box0_1.png,3
be6a3dc0-img_0672_box0_1.png,3
88833057-img_1856_box0_0.png,3
5e37a86c-img_1218_box0_8.png,3
fc1c5905-img_1540_box0_9.png,3
7c556ef0-img_1789_box0_6.png,3
e77cc8c4-img_1953_box0_2.png,3
3c8c65e1-img_1739_box0_2.png,3
8b251970-img_0671_box0_5.png,3
7c1920bb-img_0527_box0_8.png,3
fe3a7ec2-img_0129_box0_2.png,3
d346ae52-img_1762_box0_5.png,3
121415b4-img_1083_box0_5.png,3
f567628d-img_1148_box0_3.png,3
b850b103-img_0346_box0_2.png,3
6ec94338-img_1601_box0_3.png,3
06eb6e31-img_1737_box0_3.png,3
c1305e85-img_0099_box0_5.png,3
0bde1e92-img_0491_box0_1.png,3
7c5f1f0d-img_0302_box0_2.png,3
5b059fb2-img_1564_box0_3.png,3
0ee8a8ea-img_1726_box0_9.png,3
e5009a40-img_1258_box0_3.png,3
0f8d8def-img_1201_box0_2.png,3
db92ddb6-img_1111_box0_7.png,3
455824b1-img_1860_box0_3.png,3
0c4a7400-img_1771_box0_8.png,3
af9d9c56-img_1692_box0_9.png,3
5187df81-img_0988_box0_5.png,3
d402f182-img_1293_box0_4.png,3
147847e8-img_1670_box0_5.png,3
07d8eb18-img_0796_box0_8.png,3
ef626321-img_1118_box0_3.png,3
2dc009e0-img_1949_box0_8.png,3
0bde1e92-img_0491_box0_8.png,3
4b14a232-img_1902_box0_4.png,3
2b57348c-img_1889_box0_2.png,3
83032fa7-img_1955_box0_5.png,3
b6786c4a-img_0058_box0_3.png,3
27863ef1-img_0388_box0_4.png,3
5187df81-img_0988_box0_8.png,3
f0561c12-img_1819_box0_5.png,3
fa7a03ea-img_0353_box0_8.png,3
f04cdf4d-img_0786_box0_3.png,3
2e945c41-img_1112_box0_2.png,3
7ea854a1-img_1226_box0_9.png,3
cbe62df5-img_1907_box0_3.png,3
c0ca3a54-img_1641_box0_5.png,3
27554478-img_1899_box0_3.png,3
c9e84dbd-img_1836_box0_1.png,3
6824c37b-img_1144_box0_8.png,3
06d670fa-img_1468_box0_2.png,3
8762ffdc-img_1102_box0_8.png,3
537737a4-img_0942_box0_5.png,3
7becd3a3-img_0078_box0_7.png,3
d4c7bff4-img_1227_box0_4.png,3
13682cb3-img_0399_box0_9.png,3
8acf5076-img_0769_box0_2.png,3
02e15a5b-img_1766_box0_1.png,3
da780b77-img_0997_box0_4.png,3
f3c8d977-img_1832_box0_9.png,3
7becd3a3-img_0078_box0_9.png,3
ad2b331d-img_1756_box0_4.png,3
ea7aabf9-img_0627_box0_1.png,3
e14dd10b-img_0740_box0_1.png,3
bb7e8f43-img_0236_box0_8.png,3
fed264ab-img_1461_box0_9.png,3
e20370c5-img_2012_box0_4.png,3
6c060a1d-img_0438_box0_3.png,3
3e7f6e9b-img_0801_box0_4.png,3
2faa7c78-img_1550_box0_9.png,3
1aac4eeb-img_1073_box0_4.png,3
39343bc7-img_1268_box0_3.png,3
0eedb10f-img_0915_box0_5.png,3
8b41434c-img_1408_box0_7.png,3
f958876e-img_1471_box0_8.png,3
7ea854a1-img_1226_box0_3.png,3
f15b0633-img_0645_box0_8.png,3
d80a73e4-img_0691_box0_4.png,3
9bd32f0d-img_1321_box0_5.png,3
ed8ab46f-img_0474_box0_1.png,3
5c24e33e-img_1169_box0_4.png,3
1a1ece62-img_1637_box0_5.png,3
7d929773-img_0670_box0_5.png,3
d20ced95-img_1699_box0_1.png,3
dc255a1f-img_0616_box0_8.png,3
a5f4a695-img_1642_box0_3.png,3
4dd48465-img_0644_box0_2.png,3
2e945c41-img_1112_box0_8.png,3
c5b1fcb9-img_1149_box0_8.png,3
7fabc0ac-img_0902_box0_6.png,3
3ca5c487-img_0635_box0_8.png,3
d5269fab-img_0521_box0_8.png,3
7ff018bd-img_0891_box0_2.png,3
c4a117dd-img_0520_box0_0.png,3
56169b21-img_0841_box0_4.png,3
5ffbaa9b-img_1584_box0_5.png,3
8cc109b8-img_0130_box0_8.png,3
0f35b230-img_1978_box0_7.png,3
8d573084-img_0651_box0_3.png,3
b71e0d24-img_1063_box0_3.png,3
dd30a602-img_1129_box0_8.png,3
dda20edc-img_0965_box0_6.png,3
d6d048ec-img_0375_box0_5.png,3
b9959b90-img_1203_box0_3.png,3
b5b0caca-img_0993_box0_8.png,3
f3b24e72-img_0501_box0_8.png,3
7a44796f-img_0023_box0_8.png,3
bfdd0eb6-img_1683_box0_3.png,3
c16cfca1-img_1450_box0_5.png,3
3f0246b4-img_1558_box0_8.png,3
5187df81-img_0988_box0_3.png,3
e802f037-img_1209_box0_8.png,3
1e7e27f6-img_0283_box0_3.png,3
f6015c80-img_1317_box0_3.png,3
09e7439d-img_0509_box0_8.png,3
6d5c2b03-img_0951_box0_8.png,3
29905c6b-img_0836_box0_8.png,3
d5269fab-img_0521_box0_5.png,3
5591156c-img_1808_box0_9.png,3
2f6045e7-img_1731_box0_4.png,3
e8c2071d-img_0447_box0_8.png,3
bb625d57-img_1493_box0_5.png,3
c85701a2-img_1583_box0_7.png,3
9ddf6c7e-img_1837_box0_9.png,3
b6786c4a-img_0058_box0_5.png,3
c9ee0ccf-img_1283_box0_9.png,3
c98548a6-img_0567_box0_8.png,3
ccb9a03c-img_0199_box0_8.png,3
2b362514-img_0985_box0_1.png,3
de52cd15-img_0022_box0_8.png,3
e524ae78-img_0115_box0_8.png,3
8f453cf4-img_1650_box0_9.png,3
9ddf6c7e-img_1837_box0_5.png,3
8adcac7c-img_0843_box0_1.png,3
5fbf3f8e-img_1484_box1_2.png,3
07cdf961-img_1894_box0_8.png,3
d31a64e7-img_0213_box0_2.png,3
6824c37b-img_1144_box0_5.png,3
7d9804d0-img_0285_box0_3.png,3
af27d531-img_0716_box0_5.png,3
b566e907-img_1071_box0_1.png,3
1d24250a-img_0495_box0_8.png,3
8658b1b1-img_1067_box0_0.png,3
d23e1010-img_0330_box0_3.png,3
6e48e458-img_0392_box0_1.png,3
f3c8d977-img_1832_box0_7.png,3
eb5c13d1-img_0610_box0_5.png,3
bee73163-img_0999_box0_2.png,3
a03683e0-img_0837_box0_8.png,3
b44a1413-img_0639_box0_6.png,3
cbe8b14e-img_0893_box0_5.png,3
a5f4a695-img_1642_box0_8.png,3
bc6e16f5-img_0860_box0_5.png,3
35378995-img_0312_box0_2.png,3
a4b1bd1e-img_1896_box0_3.png,3
127826dc-img_1565_box0_6.png,3
1ee9fece-img_1530_box0_7.png,3
5b059fb2-img_1564_box0_7.png,3
3fe5512b-img_1497_box0_0.png,3
6685a87b-img_0410_box0_9.png,3
c9897947-img_0808_box0_7.png,3
0f8d8def-img_1201_box0_8.png,3
fb322478-img_1341_box0_9.png,3
ed134b7f-img_0235_box0_3.png,3
a8cf3776-img_1869_box0_1.png,3
6f1e8db2-img_1929_box0_7.png,3
3d3caad9-img_1354_box0_5.png,3
01f11fb2-img_0362_box0_1.png,3
a8940af0-img_0433_box0_1.png,3
c65882ca-img_1507_box0_9.png,3
0cd160e6-img_0409_box0_5.png,3
7e7578d8-img_1908_box0_1.png,3
26869b9e-img_1065_box0_5.png,3
e7b205be-img_1350_box0_9.png,3
e5e3a130-img_1266_box0_1.png,3
ee40173b-img_0391_box0_1.png,3
2b57348c-img_1889_box0_4.png,3
def317b2-img_1765_box0_7.png,3
2b4c13f1-img_1924_box0_5.png,3
9243def7-img_1314_box0_8.png,3
a8c04611-img_1591_box0_9.png,3
8d573084-img_0651_box0_1.png,3
3d98c973-img_1585_box0_9.png,3
f8214993-img_1741_box0_4.png,3
2f4dcf6e-img_1331_box0_3.png,3
dc255a1f-img_0616_box0_2.png,3
97581435-img_1589_box0_8.png,3
f3c8d977-img_1832_box0_3.png,3
f927cf92-img_1605_box0_5.png,3
abd01a62-img_1913_box0_8.png,3
72496f16-img_0282_box0_1.png,3
4b081b19-img_1923_box0_2.png,3
efa7f1b3-img_1562_box0_7.png,3
d52a6436-img_0500_box0_6.png,3
5d878059-img_1262_box0_3.png,3
dab980bb-img_0083_box0_8.png,3
adab00a6-img_1981_box0_5.png,3
ef626321-img_1118_box0_8.png,3
4987b3fc-img_1571_box0_3.png,3
04521a5a-img_0121_box0_5.png,3
04521a5a-img_0121_box0_3.png,3
4400c7c6-img_1609_box0_3.png,3
4400c7c6-img_1609_box0_1.png,3
4133fe62-img_1638_box0_2.png,3
3776a3ef-img_1465_box0_7.png,3
3683f30d-img_1383_box0_9.png,3
3271b6c5-img_1879_box0_9.png,3
3271b6c5-img_1879_box0_3.png,3
3042c3d4-img_0828_box0_5.png,3
2912bd21-img_1466_box0_8.png,3
2748d048-img_1127_box0_2.png,3
2748d048-img_1127_box0_1.png,3
02677cc9-img_1416_box0_9.png,3
02677cc9-img_1416_box0_5.png,3
02677cc9-img_1416_box0_1.png,3
2490a4dd-img_0583_box0_5.png,3
2098a8c7-img_0319_box0_6.png,3
2098a8c7-img_0319_box0_2.png,3
02055fb1-img_1788_box0_8.png,3
1658f877-img_1095_box0_3.png,3
1658f877-img_1095_box0_2.png,3
1604dd3f-img_1557_box0_9.png,3
1604dd3f-img_1557_box0_3.png,3
1542ca87-img_1761_box0_4.png,3
1371ce8e-img_0469_box0_3.png,3
987e6f25-img_0060_box0_4.png,3
c5e5ca12-img_1736_box0_7.png,4
20fd151b-img_1319_box0_4.png,4
6e48e458-img_0392_box0_2.png,4
bacd5d7a-img_1909_box0_1.png,4
aaed818b-img_0271_box0_2.png,4
d838a04d-img_0452_box0_8.png,4
9ddf6c7e-img_1837_box0_8.png,4
13cac3ee-img_1862_box0_8.png,4
437d0a12-img_1307_box0_4.png,4
3c8c65e1-img_1739_box0_0.png,4
57bb976e-img_0340_box0_2.png,4
4133fe62-img_1638_box0_7.png,4
7a90166d-img_0689_box0_8.png,4
dad7dc44-img_1442_box0_1.png,4
2faa7c78-img_1550_box0_8.png,4
15df1b37-img_0341_box0_9.png,4
2b4c13f1-img_1924_box0_7.png,4
f32d1cbe-img_0272_box0_5.png,4
9b0b0a6e-img_0648_box0_1.png,4
bd9345f0-img_1025_box0_8.png,4
720a6bd9-img_0934_box0_1.png,4
47100a44-img_0925_box0_3.png,4
4f1c7f74-img_1653_box0_4.png,4
667363de-img_0776_box0_4.png,4
6b9d47bc-img_1089_box0_3.png,4
e95ed0d3-img_0369_box0_2.png,4
8b41434c-img_1408_box0_8.png,4
1e32a027-img_1401_box0_7.png,4
e802f037-img_1209_box0_7.png,4
bab5d410-img_0977_box0_3.png,4
60dbfc27-img_0930_box0_8.png,4
04471b24-img_1284_box0_2.png,4
bfdd0eb6-img_1683_box0_2.png,4
cd8ec4b3-img_1101_box2_8.png,4
5b078393-img_0539_box0_8.png,4
551249c0-img_0764_box0_4.png,4
03e098b7-img_1645_box0_7.png,4
67f622b5-img_1202_box0_9.png,4
b17921b3-img_0270_box0_8.png,4
ca05d4bc-img_1050_box0_1.png,4
009995c3-img_1313_box0_3.png,4
b54824b6-img_0402_box0_10.png,4
b5b0caca-img_0993_box0_4.png,4
948103c9-img_1707_box0_7.png,4
ed2a4138-img_0238_box0_9.png,4
3aa7b213-img_0381_box0_10.png,4
41a3eb61-img_1197_box0_2.png,4
ead7fa43-img_1405_box0_8.png,4
8f5cf493-img_0298_box0_2.png,4
f958876e-img_1471_box0_5.png,4
6f1e8db2-img_1929_box0_9.png,4
3c8c65e1-img_1739_box0_3.png,4
ed8ab46f-img_0474_box0_4.png,4
def259d2-img_0234_box0_4.png,4
7ff018bd-img_0891_box0_8.png,4
d6066fc6-img_1170_box0_2.png,4
a8c66282-img_1608_box0_7.png,4
d76972f3-img_0815_box0_3.png,4
aa1aa9c6-img_0334_box0_2.png,4
69ce7e2c-img_0679_box0_8.png,4
9ac76ae8-img_0794_box0_2.png,4
d2b04a8d-img_1500_box0_8.png,4
ff2623c1-img_1332_box0_2.png,4
1a1ece62-img_1637_box0_7.png,4
d23e1010-img_0330_box0_4.png,4
b54824b6-img_0402_box0_2.png,4
d838a04d-img_0452_box0_3.png,4
27f8d632-img_1633_box0_1.png,4
ccb9a03c-img_0199_box0_2.png,4
744180c3-img_0785_box0_8.png,4
c98548a6-img_0567_box0_1.png,4
35b2f9a4-img_1847_box0_7.png,4
9103eff0-img_1883_box0_8.png,4
d723f3d8-img_1671_box0_8.png,4
e802f037-img_1209_box0_3.png,4
9b0b0a6e-img_0648_box0_2.png,4
72f2c700-img_1216_box0_8.png,4
1ead0e21-img_0336_box0_10.png,4
0f8d8def-img_1201_box0_1.png,4
813a90e5-img_1491_box0_3.png,4
82b719ab-img_1296_box0_2.png,4
c9dd45a7-img_0201_box0_9.png,4
9bc3dd8d-img_0750_box0_3.png,4
3f404553-img_0812_box0_3.png,4
9320835b-img_1888_box0_3.png,4
bd9345f0-img_1025_box0_7.png,4
97257941-img_1426_box0_8.png,4
ccb9a03c-img_0199_box0_5.png,4
fbf737e2-img_0205_box0_4.png,4
f69036e3-img_1387_box0_3.png,4
e5e3a130-img_1266_box0_8.png,4
a7ce99b8-img_1842_box0_8.png,4
8688c2ca-img_1024_box0_2.png,4
6bf8b758-img_0315_box0_1.png,4
3fe5512b-img_1497_box0_7.png,4
705fc31c-img_1457_box0_8.png,4
835d07d9-img_0109_box0_0.png,4
6bede902-img_0741_box0_1.png,4
6ede9680-img_1041_box0_4.png,4
b71e0d24-img_1063_box0_8.png,4
55722621-img_0351_box0_8.png,4
133b2742-img_0259_box0_8.png,4
eb2ab965-img_1018_box0_7.png,4
6b9d47bc-img_1089_box0_4.png,4
7e8723fb-img_0793_box0_8.png,4
3ffcaaac-img_1001_box0_8.png,4
3271b6c5-img_1879_box0_4.png,4
3aea4bfc-img_1224_box0_4.png,4
f219341f-img_1604_box0_8.png,4
2faf521b-img_1006_box0_4.png,4
05301ccf-img_0513_box0_3.png,4
061bf97b-img_0947_box0_1.png,4
616f0fe2-img_1951_box0_1.png,4
a85ac013-img_1936_box0_1.png,4
a7db40dd-img_1131_box0_5.png,4
1e7e27f6-img_0283_box0_4.png,4
258946db-img_1046_box0_8.png,4
8d84e932-img_0884_box0_5.png,4
81c17c82-img_0328_box0_3.png,4
13cac3ee-img_1862_box0_1.png,4
a8c04611-img_1591_box0_2.png,4
67ebd32a-img_1299_box0_7.png,4
88c20153-img_0858_box0_2.png,4
11b1ebf0-img_1542_box0_5.png,4
652bcdd6-img_0736_box0_7.png,4
09286b8a-img_0962_box0_8.png,4
6729fe6e-img_0196_box0_5.png,4
adab00a6-img_1981_box0_7.png,4
2faf521b-img_1006_box0_8.png,4
627abe47-img_0421_box0_2.png,4
35b2f9a4-img_1847_box0_1.png,4
b0baf860-img_0335_box0_10.png,4
f7995d97-img_1582_box0_1.png,4
51665fa2-img_1777_box0_1.png,4
b0baf860-img_0335_box0_2.png,4
5c24e33e-img_1169_box0_7.png,4
3b9acab9-img_0483_box0_0.png,4
ead7fa43-img_1405_box0_4.png,4
112b9879-img_0863_box0_1.png,4
58b6cf3f-img_0090_box0_4.png,4
b75b0d8c-img_1634_box0_8.png,4
20ee0db1-img_1464_box0_4.png,4
bd42c4ff-img_0892_box0_5.png,4
aadd87cc-img_1035_box0_3.png,4
7d9804d0-img_0285_box0_4.png,4
815274a6-img_1189_box0_1.png,4
36fd5e41-img_0120_box0_2.png,4
efa7f1b3-img_1562_box0_2.png,4
d25cb498-img_1038_box0_1.png,4
627abe47-img_0421_box0_3.png,4
bff31831-img_0761_box0_3.png,4
03fdf787-img_0301_box0_5.png,4
8842924f-img_1180_box0_1.png,4
3db69cc9-img_0499_box0_8.png,4
06eb6e31-img_1737_box0_8.png,4
9d97cfcd-img_1114_box0_2.png,4
c9dd45a7-img_0201_box0_8.png,4
a8aa8be2-img_0337_box0_3.png,4
67f622b5-img_1202_box0_1.png,4
22d8acd4-img_1546_box0_8.png,4
11b1d9e4-img_1884_box0_2.png,4
e040e0ab-img_0613_box0_8.png,4
c0cc499a-img_1126_box0_1.png,4
453d2704-img_1090_box0_7.png,4
1af93088-img_1597_box0_5.png,4
28d929a8-img_0974_box0_7.png,4
0f35b230-img_1978_box0_3.png,4
a0a9e640-img_1398_box0_8.png,4
1a804c76-img_0823_box0_7.png,4
fc837339-img_0630_box0_1.png,4
8f1fccd7-img_1667_box0_1.png,4
bfdd0eb6-img_1683_box0_8.png,4
8a4f1dc1-img_1577_box0_2.png,4
90dabf82-img_1173_box0_2.png,4
57bb976e-img_0340_box0_3.png,4
9abd8f82-img_1240_box0_4.png,4
4f2ad01c-img_0569_box0_7.png,4
13f0bd26-img_0338_box0_1.png,4
775aa605-img_1579_box0_8.png,4
98076fb9-img_0281_box0_2.png,4
eea8cde2-img_0434_box0_10.png,4
bc05f4bf-img_1743_box0_7.png,4
8cc109b8-img_0130_box0_5.png,4
fb322478-img_1341_box0_8.png,4
c65882ca-img_1507_box0_8.png,4
97e9462c-img_1482_box0_8.png,4
c15daed8-img_1574_box0_3.png,4
3d98c973-img_1585_box0_8.png,4
653ba2d2-img_0634_box0_4.png,4
a9608204-img_1514_box0_4.png,4
bdccd8f5-img_0871_box0_1.png,4
8fb0d74f-img_0239_box0_1.png,4
ab87c00b-img_0221_box0_5.png,4
338864b9-img_0455_box0_1.png,4
519a8861-img_1381_box0_4.png,4
55dff731-img_1985_box0_5.png,4
34ebe64f-img_1280_box1_2.png,4
7628777a-img_1627_box0_8.png,4
7a90166d-img_0689_box0_4.png,4
67f622b5-img_1202_box0_2.png,4
abf63d70-img_1880_box0_3.png,4
1de819b3-img_0636_box0_8.png,4
13f25760-img_1827_box0_4.png,4
be6a3dc0-img_0672_box0_7.png,4
909f6166-img_1776_box0_3.png,4
13f0bd26-img_0338_box0_8.png,4
8acf5076-img_0769_box0_3.png,4
43a7ed1e-img_1740_box0_3.png,4
7ea854a1-img_1226_box0_8.png,4
a8aa8be2-img_0337_box0_1.png,4
e643f8bf-img_0284_box0_8.png,4
413edd57-img_1436_box0_2.png,4
1b83fde6-img_1141_box0_2.png,4
6968737b-img_1806_box0_8.png,4
d2b04a8d-img_1500_box0_2.png,4
cd8ec4b3-img_1101_box0_8.png,4
7d9804d0-img_0285_box0_5.png,4
0c071a1a-img_1710_box0_8.png,4
67f622b5-img_1202_box0_7.png,4
7ebc8397-img_1629_box0_1.png,4
3ad4de9f-img_1792_box0_8.png,4
cd8ec4b3-img_1101_box1_8.png,4
0109cd9d-img_0568_box0_9.png,4
4bb87448-img_0617_box0_1.png,4
a7b1749d-img_1371_box0_3.png,4
35becfc0-img_0537_box0_7.png,4
78289c4f-img_1925_box0_3.png,4
6edb721e-img_0924_box0_2.png,4
aaed818b-img_0271_box0_5.png,4
9103eff0-img_1883_box0_2.png,4
6745665f-img_1477_box0_7.png,4
d09e67ce-img_1455_box0_4.png,4
c1de7f6f-img_1578_box0_4.png,4
d20b9204-img_0582_box0_1.png,4
6b9435f6-img_1566_box0_8.png,4
200ba5d6-img_1656_box0_1.png,4
616f0fe2-img_1951_box0_8.png,4
646a04cf-img_1311_box0_4.png,4
e5acb424-img_0531_box0_8.png,4
49b094fd-img_1866_box0_8.png,4
12e7b1de-img_0781_box0_7.png,4
f567628d-img_1148_box1_8.png,4
f15b0633-img_0645_box0_3.png,4
57d16ad1-img_0533_box0_4.png,4
b4a75b9b-img_1665_box0_2.png,4
a85ac013-img_1936_box0_8.png,4
067a54f7-img_1049_box0_1.png,4
5fee27a4-img_1920_box0_8.png,4
208a22b1-img_1599_box0_7.png,4
7819899c-img_1716_box0_8.png,4
13326d65-img_0927_box0_8.png,4
1af93088-img_1597_box0_3.png,4
b736e728-img_0321_box0_8.png,4
dd517fc3-img_0361_box0_3.png,4
d3aa6ad8-img_1527_box0_8.png,4
89beda13-img_1697_box0_0.png,4
84d25591-img_1005_box0_7.png,4
2098a8c7-img_0319_box0_8.png,4
5a05e975-img_1723_box0_3.png,4
f7995d97-img_1582_box0_8.png,4
c3d0d2c1-img_1989_box0_7.png,4
236f0ed1-img_0228_box0_8.png,4
49091a2d-img_1357_box0_8.png,4
194c9dc2-img_0347_box0_8.png,4
519a8861-img_1381_box0_3.png,4
200ba5d6-img_1656_box0_8.png,4
447692de-img_0734_box0_0.png,4
2faa7c78-img_1550_box0_3.png,4
fed264ab-img_1461_box0_8.png,4
3fe5512b-img_1497_box0_4.png,4
540ef922-img_0327_box0_3.png,4
33dca718-img_1367_box0_4.png,4
bd42c4ff-img_0892_box0_2.png,4
e524ae78-img_0115_box1_1.png,4
5c29686c-img_1935_box0_8.png,4
c6f01859-img_0002_box0_2.png,4
2db5f6fe-img_1100_box1_7.png,4
e36c625f-img_0528_box0_4.png,4
c1de7f6f-img_1578_box0_8.png,4
0545fcfe-img_1318_box0_9.png,4
5c5a849e-img_0728_box0_3.png,4
c9ee0ccf-img_1283_box0_8.png,4
6c060a1d-img_0438_box0_10.png,4
5ffbaa9b-img_1584_box0_1.png,4
8e158583-img_1695_box0_1.png,4
3c6769f5-img_1165_box0_7.png,4
0f2fc44c-img_1419_box0_1.png,4
6e48e458-img_0392_box0_3.png,4
6afdfda8-img_1437_box0_8.png,4
1327d650-img_0840_box0_8.png,4
db2ed460-img_0968_box0_4.png,4
9abd8f82-img_1240_box0_2.png,4
bab5d410-img_0977_box0_8.png,4
b5b0caca-img_0993_box0_5.png,4
6085e8fd-img_0278_box0_4.png,4
18f2e6f6-img_1873_box0_4.png,4
11b1ebf0-img_1542_box0_3.png,4
3125c390-img_0682_box0_8.png,4
bc05f4bf-img_1743_box0_4.png,4
d2459e13-img_0470_box0_1.png,4
39ef7bf8-img_0896_box0_1.png,4
9dec9dea-img_1172_box0_3.png,4
5fee27a4-img_1920_box0_4.png,4
e36c625f-img_0528_box0_8.png,4
494b7939-img_1469_box0_8.png,4
7c556ef0-img_1789_box0_4.png,4
a03683e0-img_0837_box0_1.png,4
ec3a0163-img_1304_box0_4.png,4
ebd9a8ca-img_1335_box0_3.png,4
87492f67-img_0211_box0_5.png,4
2a0af09b-img_1818_box0_8.png,4
0c787fd2-img_1930_box0_3.png,4
b2a684b0-img_0749_box0_1.png,4
d4c7bff4-img_1227_box0_5.png,4
9ac76ae8-img_0794_box0_3.png,4
60dbfc27-img_0930_box0_1.png,4
f6b1e361-img_1260_box0_8.png,4
7a44796f-img_0023_box0_3.png,4
77974f71-img_0936_box0_3.png,4
47982f8d-img_0206_box0_3.png,4
686a3ae4-img_1157_box0_1.png,4
eb066ca8-img_1646_box0_8.png,4
b71e0d24-img_1063_box0_5.png,4
be0122f8-img_0818_box0_1.png,4
93908e5a-img_1013_box0_8.png,4
f20b94eb-img_0240_box0_1.png,4
686a3ae4-img_1157_box0_4.png,4
ecc53255-img_0427_box0_9.png,4
0342b11a-img_1249_box0_2.png,4
dc000f60-img_0292_box0_7.png,4
efa7f1b3-img_1562_box0_8.png,4
29d7bad4-img_1868_box0_4.png,4
66cc072b-img_0209_box0_3.png,4
7a410153-img_1890_box0_7.png,4
d175b633-img_0694_box0_5.png,4
c9ffa7bb-img_0982_box0_1.png,4
afba3cdc-img_0466_box0_8.png,4
12c845b4-img_0929_box0_8.png,4
8b0aeec8-img_0031_box0_3.png,4
3b9acab9-img_0483_box0_1.png,4
282197c8-img_1140_box0_5.png,4
1ee9fece-img_1530_box0_8.png,4
a652290f-img_0077_box0_2.png,4
bc737971-img_1682_box0_1.png,4
f7ea7b75-img_1342_box0_3.png,4
744180c3-img_0785_box0_1.png,4
5b078393-img_0539_box0_5.png,4
7512c1ef-img_1588_box0_8.png,4
25e16f4b-img_0596_box0_4.png,4
0cd160e6-img_0409_box0_3.png,4
390c4ce2-img_1838_box0_3.png,4
76ea282d-img_0290_box0_4.png,4
3271b6c5-img_1879_box0_8.png,4
a7db40dd-img_1131_box0_4.png,4
f02894ae-img_0184_box6_3.png,4
8f453cf4-img_1650_box0_8.png,4
0ee8a8ea-img_1726_box0_8.png,4
13b38b9d-img_1533_box0_8.png,4
362ff4f1-img_1164_box0_1.png,4
3cdf9dd4-img_1110_box0_1.png,4
e57dc4ba-img_0983_box0_1.png,4
1a9e2f1e-img_1775_box0_1.png,4
eec293f5-img_0889_box0_2.png,4
eec293f5-img_0889_box0_4.png,4
77974f71-img_0936_box0_0.png,4
72ff7535-img_1291_box0_3.png,4
a13f957e-img_1399_box0_1.png,4
c8092e87-img_1624_box0_8.png,4
49b094fd-img_1866_box0_2.png,4
b681b5e8-img_0800_box0_7.png,4
db7452d1-img_0313_box0_8.png,4
a8cf3776-img_1869_box0_3.png,4
1a9e2f1e-img_1775_box0_8.png,4
5bb8e384-img_1547_box0_8.png,4
78183c99-img_0653_box0_5.png,4
a8aa8be2-img_0337_box0_8.png,4
3198bf04-img_1369_box0_7.png,4
8d1ed6b5-img_1336_box0_1.png,4
909f6166-img_1776_box0_1.png,4
116c4e82-img_1505_box0_4.png,4
c1b2d5bd-img_1947_box0_2.png,4
927c7d27-img_0396_box0_9.png,4
9819a7b3-img_1928_box0_2.png,4
a0ab7fac-img_0673_box0_1.png,4
fe3a7ec2-img_0129_box0_5.png,4
2da38d94-img_0755_box0_8.png,4
9b24ad51-img_1137_box0_8.png,4
01d5e787-img_1146_box0_5.png,4
5fee27a4-img_1920_box0_9.png,4
b523d116-img_1790_box0_4.png,4
557cefd9-img_1028_box0_7.png,4
fba5cc31-img_1069_box0_4.png,4
6edb721e-img_0924_box0_8.png,4
dd11a07f-img_0356_box0_2.png,4
2f6045e7-img_1731_box0_1.png,4
72fb4dd7-img_0532_box0_1.png,4
b17921b3-img_0270_box0_1.png,4
3ca5c487-img_0635_box0_3.png,4
be4f5f7a-img_1718_box0_8.png,4
5591156c-img_1808_box0_8.png,4
98f1c947-img_1225_box0_8.png,4
0ee8a8ea-img_1726_box0_3.png,4
a88b9468-img_1751_box0_5.png,4
9dd2bb22-img_0910_box0_3.png,4
0f2fc44c-img_1419_box0_2.png,4
f02894ae-img_0184_box3_3.png,4
ca487165-img_0263_box0_5.png,4
bdccd8f5-img_0871_box0_8.png,4
4bf9db87-img_0566_box0_5.png,4
bcb65923-img_1068_box0_8.png,4
8faedc92-img_1685_box0_5.png,4
e23828a1-img_1154_box0_2.png,4
fbd1e025-img_0249_box0_4.png,4
49091a2d-img_1357_box0_1.png,4
4f294e6b-img_1764_box0_7.png,4
455824b1-img_1860_box0_8.png,4
ad10ff79-img_0390_box0_3.png,4
f945150e-img_0946_box0_4.png,4
fc837339-img_0630_box0_3.png,4
500abc6b-img_1754_box0_7.png,4
eb28362f-img_0155_box0_8.png,4
d2459e13-img_0470_box0_8.png,4
b0b29a7b-img_1191_box0_8.png,4
68dacc85-img_1086_box0_3.png,4
12dc88b6-img_0297_box0_2.png,4
453fb507-img_0931_box0_5.png,4
66f4870b-img_0148_box0_1.png,4
8b251970-img_0671_box0_1.png,4
3b3782de-img_1238_box0_0.png,4
12213d8a-img_1915_box0_0.png,4
29905c6b-img_0836_box0_1.png,4
fb84182b-img_1811_box0_4.png,4
27554478-img_1899_box0_2.png,4
79d8470d-img_1037_box0_1.png,4
36e6bfbb-img_1171_box0_2.png,4
116c4e82-img_1505_box0_7.png,4
be9736f9-img_1454_box0_8.png,4
35b2f9a4-img_1847_box0_8.png,4
e574b0df-img_1242_box0_8.png,4
32d13729-img_0696_box0_5.png,4
8688c2ca-img_1024_box0_7.png,4
b0180fad-img_1080_box0_8.png,4
72ff7535-img_1291_box0_9.png,4
f982cd50-img_1933_box0_7.png,4
a13f957e-img_1399_box0_8.png,4
a939e128-img_0519_box0_5.png,4
0dfed099-img_0718_box0_5.png,4
b850b103-img_0346_box0_8.png,4
3cdf3d70-img_1727_box0_4.png,4
b721326d-img_1554_box0_4.png,4
00f10794-img_1529_box0_8.png,4
d4617598-img_1504_box0_5.png,4
d9278058-img_1103_box0_8.png,4
abd01a62-img_1913_box0_3.png,4
571785bc-img_1378_box0_8.png,4
e733638a-img_1235_box1_9.png,4
afc45737-img_0411_box0_8.png,4
2f6a8a40-img_1910_box0_3.png,4
0df54e09-img_0727_box0_1.png,4
e0ab5309-img_0416_box0_1.png,4
8842924f-img_1180_box0_4.png,4
e69265f9-img_0906_box0_3.png,4
8c17714f-img_1078_box0_1.png,4
413eba7e-img_0344_box0_1.png,4
c5e5ca12-img_1736_box0_8.png,4
e5c756a0-img_0200_box0_7.png,4
112b9879-img_0863_box0_2.png,4
9ac76ae8-img_0794_box0_8.png,4
0cd160e6-img_0409_box0_4.png,4
3e860314-img_2019_box0_3.png,4
9abd8f82-img_1240_box0_3.png,4
f7ea7b75-img_1342_box0_7.png,4
4a060be3-img_1998_box0_7.png,4
42c6f3bb-img_1859_box0_1.png,4
d80a73e4-img_0691_box0_3.png,4
a8d2edd5-img_1228_box0_0.png,4
449f1fbd-img_1185_box0_2.png,4
adab00a6-img_1981_box0_3.png,4
0f6755af-img_0584_box0_1.png,4
4b081b19-img_1923_box0_3.png,4
a8c04611-img_1591_box0_8.png,4
ebd9a8ca-img_1335_box0_2.png,4
fc837339-img_0630_box0_8.png,4
a6af72e9-img_0820_box0_8.png,4
705fc31c-img_1457_box0_1.png,4
4c7fad7f-img_1717_box0_7.png,4
ee40173b-img_0391_box0_2.png,4
c49de6d9-img_0269_box0_1.png,4
390c4ce2-img_1838_box0_5.png,4
167ad597-img_1905_box0_7.png,4
32514bc2-img_1099_box0_4.png,4
744c24c1-img_0846_box0_4.png,4
b3007a3e-img_0286_box0_8.png,4
cd0a59d3-img_1496_box0_2.png,4
23f97d45-img_0763_box0_4.png,4
72496f16-img_0282_box0_2.png,4
6572e986-img_1734_box0_8.png,4
5a05e975-img_1723_box0_4.png,4
cbb2c3e1-img_1130_box0_2.png,4
7fe82877-img_0900_box0_8.png,4
390c4ce2-img_1838_box0_4.png,4
bff31831-img_0761_box0_2.png,4
0367cfeb-img_1000_box0_1.png,4
6b46fa13-img_1430_box0_7.png,4
dd647a7a-img_1745_box0_2.png,4
627abe47-img_0421_box0_8.png,4
2ac2b9a2-img_0502_box0_5.png,4
6b9b1d46-img_0258_box0_8.png,4
c23850b7-img_1979_box0_2.png,4
bee73163-img_0999_box0_3.png,4
dacd2eb3-img_1105_box0_3.png,4
658108ac-img_1625_box0_8.png,4
9bc3dd8d-img_0750_box0_0.png,4
8adcac7c-img_0843_box0_7.png,4
453fb507-img_0931_box0_4.png,4
97581435-img_1589_box0_4.png,4
8f1fccd7-img_1667_box0_2.png,4
01d5e787-img_1146_box0_8.png,4
15a02388-img_1722_box0_1.png,4
b355a1ed-img_0289_box0_4.png,4
c4732778-img_1575_box0_1.png,4
6685a87b-img_0410_box0_8.png,4
646a04cf-img_1311_box0_7.png,4
86df16f8-img_1971_box0_5.png,4
c9897947-img_0808_box0_4.png,4
167ad597-img_1905_box0_1.png,4
7a9feae0-img_1440_box0_3.png,4
15b1e791-img_1537_box0_4.png,4
6968737b-img_1806_box0_1.png,4
5c5a849e-img_0728_box0_4.png,4
0342b11a-img_1249_box0_1.png,4
d4617598-img_1504_box0_3.png,4
2f066a31-img_1735_box0_8.png,4
1ead0e21-img_0336_box0_2.png,4
4c77533e-img_0719_box0_0.png,4
83032fa7-img_1955_box0_7.png,4
c7c0f7e5-img_1526_box0_4.png,4
455824b1-img_1860_box0_5.png,4
b0b29a7b-img_1191_box0_2.png,4
39ef7bf8-img_0896_box0_8.png,4
8cb04afd-img_1630_box0_8.png,4
8adcac7c-img_0843_box0_4.png,4
e293948e-img_0518_box0_8.png,4
58a3f1eb-img_0748_box0_3.png,4
7d80d4e0-img_1780_box0_3.png,4
1604dd3f-img_1557_box0_8.png,4
1e32a027-img_1401_box0_8.png,4
9dec9dea-img_1172_box0_8.png,4
de687872-img_1963_box0_1.png,4
ee40173b-img_0391_box0_3.png,4
def317b2-img_1765_box0_4.png,4
7e2eba54-img_1701_box0_9.png,4
590a24e5-img_0219_box0_3.png,4
eea8cde2-img_0434_box0_4.png,4
a9c45d3b-img_0061_box1_3.png,4
1f0d0165-img_0973_box0_8.png,4
f898df11-img_1595_box0_3.png,4
448d752a-img_1840_box0_3.png,4
7d80d4e0-img_1780_box0_4.png,4
86b72816-img_1190_box0_7.png,4
8658b1b1-img_1067_box0_2.png,4
49b094fd-img_1866_box0_3.png,4
7d5d354b-img_1379_box0_7.png,4
f567628d-img_1148_box1_1.png,4
cc8f58bf-img_1914_box0_1.png,4
d19c372f-img_0291_box0_7.png,4
5fee27a4-img_1920_box0_1.png,4
39ab3651-img_1305_box0_2.png,4
c16cfca1-img_1450_box0_7.png,4
f467608e-img_0333_box0_2.png,4
93908e5a-img_1013_box0_1.png,4
a543505a-img_1183_box0_3.png,4
382896ac-img_1573_box0_8.png,4
cbb2c3e1-img_1130_box0_1.png,4
e643f8bf-img_0284_box0_4.png,4
28d134f6-img_1492_box0_5.png,4
da561f1e-img_1014_box0_7.png,4
28d77a39-img_1259_box0_8.png,4
73f49f61-img_0798_box0_8.png,4
192739eb-img_0000_box0_2.png,4
255e32c6-img_1382_box0_8.png,4
35378995-img_0312_box0_4.png,4
5670644d-img_0548_box0_8.png,4
56ec528a-img_0545_box0_3.png,4
12213d8a-img_1915_box0_3.png,4
13f0bd26-img_0338_box0_3.png,4
7e7c668a-img_0607_box0_3.png,4
a6de8742-img_1956_box0_3.png,4
424b1cb2-img_0919_box0_7.png,4
6745665f-img_1477_box0_8.png,4
17c0580e-img_1263_box0_7.png,4
a0916289-img_1386_box0_9.png,4
8f453cf4-img_1650_box0_3.png,4
2098a8c7-img_0319_box0_5.png,4
009995c3-img_1313_box0_2.png,4
a543505a-img_1183_box0_8.png,4
17b64bd2-img_1848_box0_3.png,4
a78b8582-img_0305_box0_1.png,4
a8c66282-img_1608_box0_8.png,4
473c222f-img_1903_box0_1.png,4
89beda13-img_1697_box0_3.png,4
27f8d632-img_1633_box0_3.png,4
d6d048ec-img_0375_box0_8.png,4
43b64976-img_1236_box0_0.png,4
01f11fb2-img_0362_box0_4.png,4
ba42e381-img_0913_box0_1.png,4
1658f877-img_1095_box0_8.png,4
e57dc4ba-img_0983_box0_8.png,4
df91fe09-img_0541_box0_3.png,4
d2103c36-img_0995_box0_8.png,4
c02d1402-img_0373_box0_5.png,4
f32d1cbe-img_0272_box0_2.png,4
67bf4fb7-img_1618_box0_1.png,4
234086ae-img_0922_box0_1.png,4
e5c756a0-img_0200_box0_4.png,4
5912aea4-img_1545_box0_3.png,4
e20370c5-img_2012_box0_3.png,4
cbe95ea2-img_0274_box0_8.png,4
ef12392f-img_1742_box0_8.png,4
78a18d7e-img_0703_box0_8.png,4
0ee8a8ea-img_1726_box0_7.png,4
de074a68-img_1703_box0_8.png,4
78183c99-img_0653_box0_8.png,4
91713c09-img_1509_box0_8.png,4
e5c756a0-img_0200_box0_2.png,4
e548446b-img_1490_box0_8.png,4
6ede9680-img_1041_box0_1.png,4
001f325e-img_1366_box0_8.png,4
9c59726f-img_1639_box0_8.png,4
c59f0adc-img_1652_box0_8.png,4
0fc39c7d-img_0855_box0_0.png,4
8762ffdc-img_1102_box0_2.png,4
c12e75d5-img_1054_box0_8.png,4
a8b2b7e7-img_0923_box0_1.png,4
571785bc-img_1378_box0_1.png,4
a4be843b-img_0342_box0_1.png,4
58f63a69-img_1662_box0_7.png,4
473c222f-img_1903_box0_0.png,4
9b8dca68-img_1428_box0_5.png,4
4f5682fe-img_1222_box0_8.png,4
fec37ecb-img_0329_box0_4.png,4
f02894ae-img_0184_box7_4.png,4
ef12392f-img_1742_box0_1.png,4
bc05f4bf-img_1743_box0_2.png,4
06d3f338-img_0862_box0_3.png,4
b2cbca1e-img_0737_box0_8.png,4
4c7fad7f-img_1717_box0_8.png,4
0545fcfe-img_1318_box0_4.png,4
fbf737e2-img_0205_box0_3.png,4
b9253686-img_0606_box0_1.png,4
39ab3651-img_1305_box0_8.png,4
e040e0ab-img_0613_box0_1.png,4
57439959-img_1326_box0_2.png,4
a7ce99b8-img_1842_box0_1.png,4
b381a3c2-img_0376_box0_8.png,4
82b719ab-img_1296_box0_3.png,4
b2cbca1e-img_0737_box0_9.png,4
7a410153-img_1890_box0_2.png,4
67bf4fb7-img_1618_box0_8.png,4
f569b10c-img_1397_box0_3.png,4
47982f8d-img_0206_box0_5.png,4
02055fb1-img_1788_box0_5.png,4
3683f30d-img_1383_box0_8.png,4
6edb721e-img_0924_box0_3.png,4
fade15a3-img_0853_box0_7.png,4
12e7b1de-img_0781_box0_8.png,4
1e7e27f6-img_0283_box0_8.png,4
c49de6d9-img_0269_box0_8.png,4
ea452bc9-img_1270_box0_3.png,4
f3580ba4-img_0459_box0_2.png,4
35becfc0-img_0537_box0_8.png,4
0342b11a-img_1249_box0_8.png,4
4f2ad01c-img_0569_box0_8.png,4
3198cd32-img_0479_box0_8.png,4
577ba18a-img_0598_box0_2.png,4
02677cc9-img_1416_box0_8.png,4
5b059fb2-img_1564_box0_1.png,4
f02894ae-img_0184_box4_4.png,4
e733638a-img_1235_box3_9.png,4
ebaef50e-img_1495_box0_8.png,4
9819a7b3-img_1928_box0_9.png,5
50137461-img_1561_box0_2.png,5
16624812-img_1434_box0_3.png,5
0c787fd2-img_1930_box0_9.png,5
a6eedece-img_0933_box0_9.png,5
cbe95ea2-img_0274_box0_10.png,5
98984714-img_0354_box0_4.png,5
05f6a836-img_0563_box0_1.png,5
00f10794-img_1529_box0_1.png,5
78289c4f-img_1925_box0_8.png,5
50137461-img_1561_box0_1.png,5
4a060be3-img_1998_box0_4.png,5
3198bf04-img_1369_box0_1.png,5
453d2704-img_1090_box0_4.png,5
8842924f-img_1180_box0_0.png,5
b73f3fc2-img_0276_box0_10.png,5
8a96aa5e-img_1017_box0_7.png,5
bb7d2bce-img_1769_box0_9.png,5
e81feee5-img_0844_box0_4.png,5
2a0af09b-img_1818_box0_4.png,5
ef758bec-img_0731_box0_9.png,5
f02894ae-img_0184_box7_3.png,5
2ee8ca7d-img_0821_box0_5.png,5
0f6755af-img_0584_box0_4.png,5
93ff566c-img_0994_box0_4.png,5
dc255a1f-img_0616_box0_9.png,5
5ffbaa9b-img_1584_box0_4.png,5
f04cdf4d-img_0786_box0_0.png,5
d3bf80f1-img_0961_box0_9.png,5
8c2366bc-img_1181_box0_2.png,5
7ff018bd-img_0891_box0_7.png,5
e25080c3-img_1178_box0_5.png,5
f9e69fc9-img_1715_box0_8.png,5
4bb87448-img_0617_box0_9.png,5
23f97d45-img_0763_box0_3.png,5
20fd151b-img_1319_box0_7.png,5
939230e6-img_1302_box0_7.png,5
be3b82f9-img_1750_box0_2.png,5
2ecf3840-img_1807_box0_2.png,5
2d70b6cd-img_0811_box0_5.png,5
1371ce8e-img_0469_box0_4.png,5
f0561c12-img_1819_box0_2.png,5
0ea29b74-img_1704_box0_8.png,5
f7de6363-img_1921_box0_9.png,5
4f5682fe-img_1222_box0_4.png,5
4b081b19-img_1923_box0_8.png,5
60a18a34-img_1162_box1_5.png,5
3240cca1-img_1015_box0_8.png,5
2a2d00ae-img_0848_box0_2.png,5
ac635faa-img_0414_box0_9.png,5
f3efdd87-img_0215_box0_4.png,5
909f6166-img_1776_box0_8.png,5
5fbf3f8e-img_1484_box0_8.png,5
948103c9-img_1707_box0_2.png,5
2b4c13f1-img_1924_box0_3.png,5
a9c45d3b-img_0061_box0_0.png,5
d4cdc239-img_1755_box0_7.png,5
6e750ce3-img_0987_box0_9.png,5
613c4beb-img_0331_box0_7.png,5
1504f4bd-img_1040_box0_1.png,5
841b83d8-img_0762_box0_4.png,5
a8b2b7e7-img_0923_box0_5.png,5
ff2623c1-img_1332_box0_4.png,5
fadd389c-img_0001_box0_5.png,5
5ff81321-img_1094_box0_9.png,5
9dec9dea-img_1172_box0_7.png,5
fbf4d9d9-img_0355_box0_7.png,5
7d929773-img_0670_box0_2.png,5
cb68fb22-img_1510_box0_9.png,5
20de06e8-img_0669_box0_9.png,5
35378995-img_0312_box0_9.png,5
c1febc46-img_1596_box0_4.png,5
59b3ffe0-img_1168_box0_0.png,5
7ebc8397-img_1629_box0_9.png,5
799efa7f-img_1556_box0_9.png,5
bd035dfc-img_0744_box0_9.png,5
4987b3fc-img_1571_box0_5.png,5
1a1ece62-img_1637_box0_9.png,5
bd5449ec-img_1676_box0_5.png,5
7af0c0fc-img_1441_box0_7.png,5
8f453cf4-img_1650_box0_1.png,5
5ddd7beb-img_1801_box0_9.png,5
7c556ef0-img_1789_box0_3.png,5
4f2ad01c-img_0569_box0_3.png,5
2a2d00ae-img_0848_box0_8.png,5
6e8550a1-img_0265_box0_3.png,5
60a18a34-img_1162_box0_1.png,5
06eb6e31-img_1737_box0_4.png,5
dd11a07f-img_0356_box0_7.png,5
72f2c700-img_1216_box0_3.png,5
eda49781-img_1720_box0_2.png,5
551249c0-img_0764_box0_3.png,5
dd30a602-img_1129_box0_4.png,5
f02894ae-img_0184_box6_7.png,5
25e16f4b-img_0596_box0_3.png,5
3ad4de9f-img_1792_box0_2.png,5
58e8a031-img_1587_box0_0.png,5
bc737971-img_1682_box0_7.png,5
2b57348c-img_1889_box0_1.png,5
4133fe62-img_1638_box0_9.png,5
28d77a39-img_1259_box0_3.png,5
9bdd69c8-img_1446_box0_7.png,5
de074a68-img_1703_box0_4.png,5
6c011b54-img_1143_box0_8.png,5
29d7bad4-img_1868_box0_3.png,5
eec293f5-img_0889_box0_3.png,5
e70411e3-img_1636_box0_1.png,5
9dd6d61a-img_1220_box0_4.png,5
34de0414-img_1385_box0_9.png,5
5f51d497-img_1044_box0_8.png,5
9dd2bb22-img_0910_box0_9.png,5
939230e6-img_1302_box0_9.png,5
590a24e5-img_0219_box0_0.png,5
8d84e932-img_0884_box0_2.png,5
1b4d07f8-img_0018_box0_2.png,5
fed264ab-img_1461_box0_1.png,5
eb5c13d1-img_0610_box0_1.png,5
067a54f7-img_1049_box0_3.png,5
dcc1b54e-img_1518_box0_9.png,5
fbdf5027-img_0047_box0_4.png,5
f8c88cb5-img_1849_box0_3.png,5
c02d1402-img_0373_box0_10.png,5
69ce7e2c-img_0679_box0_2.png,5
34ebe64f-img_1280_box1_3.png,5
f02894ae-img_0184_box2_1.png,5
db6ba796-img_1338_box0_3.png,5
02e15a5b-img_1766_box0_7.png,5
d2103c36-img_0995_box0_5.png,5
b575bda8-img_0378_box0_10.png,5
c4b838c5-img_0260_box0_0.png,5
55dff731-img_1985_box0_2.png,5
2f6045e7-img_1731_box0_9.png,5
7d51b980-img_0088_box0_4.png,5
9b8dca68-img_1428_box0_8.png,5
7b5d1fa6-img_1941_box0_3.png,5
6007861f-img_0746_box0_1.png,5
203b9f55-img_0367_box0_3.png,5
1da10b10-img_0325_box0_0.png,5
6b46fa13-img_1430_box0_9.png,5
297d1ac3-img_1779_box0_9.png,5
133b2742-img_0259_box0_7.png,5
49b094fd-img_1866_box0_4.png,5
911722b9-img_0425_box0_4.png,5
0cca3bb6-img_0478_box0_9.png,5
60295325-img_0839_box0_5.png,5
8d1ed6b5-img_1336_box0_2.png,5
93a8c35d-img_0514_box0_9.png,5
b9d1ae09-img_1841_box0_8.png,5
d8298746-img_1158_box0_2.png,5
3198bf04-img_1369_box0_3.png,5
261169ae-img_0294_box0_5.png,5
1d0dd8bd-img_1916_box0_2.png,5
0fbfc127-img_1119_box1_8.png,5
c0ca3a54-img_1641_box0_4.png,5
a00e4cec-img_1799_box0_5.png,5
57c240f5-img_1852_box0_2.png,5
bfd067a8-img_1886_box0_3.png,5
baac19c8-img_1612_box0_7.png,5
dd11a07f-img_0356_box0_9.png,5
9d97cfcd-img_1114_box0_3.png,5
009995c3-img_1313_box0_5.png,5
d19c372f-img_0291_box0_9.png,5
981d5300-img_1043_box0_4.png,5
208a22b1-img_1599_box0_1.png,5
f02894ae-img_0184_box2_7.png,5
8cc109b8-img_0130_box0_3.png,5
be3b82f9-img_1750_box0_9.png,5
68e60d23-img_0323_box0_0.png,5
1da10b10-img_0325_box0_3.png,5
def259d2-img_0234_box0_9.png,5
43f071c1-img_1942_box0_9.png,5
27da74d0-img_1531_box0_4.png,5
0a4ed302-img_0779_box0_1.png,5
8050583b-img_0159_box0_8.png,5
01f11fb2-img_0362_box0_2.png,5
f927cf92-img_1605_box0_3.png,5
981d5300-img_1043_box0_2.png,5
aaed818b-img_0271_box0_8.png,5
1ce387f0-img_0898_box0_4.png,5
a5d4455f-img_0714_box0_7.png,5
3198bf04-img_1369_box0_4.png,5
d175b633-img_0694_box0_2.png,5
303df972-img_0611_box0_2.png,5
46789bbc-img_0264_box0_4.png,5
bc711ef4-img_1649_box0_5.png,5
9819a7b3-img_1928_box0_3.png,5
5d878059-img_1262_box0_1.png,5
5bb8e384-img_1547_box0_1.png,5
6bede902-img_0741_box1_4.png,5
1fa0dab6-img_0424_box0_3.png,5
8c07bdd3-img_1400_box0_3.png,5
a26d5f4a-img_0564_box0_7.png,5
2ee8ca7d-img_0821_box0_8.png,5
68e60d23-img_0323_box0_3.png,5
25460e0e-img_0699_box0_8.png,5
3aa7b213-img_0381_box0_3.png,5
1d24250a-img_0495_box0_4.png,5
8658b1b1-img_1067_box0_3.png,5
82b719ab-img_1296_box0_5.png,5
5f84c9e1-img_0581_box0_3.png,5
da166122-img_1972_box0_7.png,5
b17921b3-img_0270_box0_2.png,5
a718a448-img_1508_box0_9.png,5
e733638a-img_1235_box2_5.png,5
fc82296d-img_0712_box0_8.png,5
a3c44598-img_1411_box0_5.png,5
7260b1cf-img_1823_box0_3.png,5
9b24ad51-img_1137_box0_3.png,5
cd8ec4b3-img_1101_box1_4.png,5
d20b9204-img_0582_box0_4.png,5
448d752a-img_1840_box0_8.png,5
fed264ab-img_1461_box0_4.png,5
fe975dc7-img_0580_box0_8.png,5
2e6a0ca2-img_1515_box0_1.png,5
f4ec1193-img_0619_box0_2.png,5
28d134f6-img_1492_box0_4.png,5
613c4beb-img_0331_box0_9.png,5
1776f483-img_1322_box0_4.png,5
b575bda8-img_0378_box0_5.png,5
1c490250-img_0454_box0_2.png,5
6ede9680-img_1041_box0_3.png,5
0dfed099-img_0718_box0_3.png,5
1842a9e5-img_0780_box0_4.png,5
32d13729-img_0696_box0_2.png,5
c11a5ac5-img_0268_box0_8.png,5
8c07bdd3-img_1400_box0_4.png,5
297d1ac3-img_1779_box0_1.png,5
e27d3f16-img_1770_box0_8.png,5
0f35b230-img_1978_box0_4.png,5
53b76076-img_0625_box0_2.png,5
1fa0dab6-img_0424_box0_4.png,5
93ff566c-img_0994_box0_9.png,5
919a6305-img_0575_box0_4.png,5
7f1feaba-img_0482_box0_5.png,5
382896ac-img_1573_box0_2.png,5
f6015c80-img_1317_box0_7.png,5
989c1c89-img_1655_box0_4.png,5
09286b8a-img_0962_box0_3.png,5
70dd8b06-img_0445_box0_2.png,5
9dd2bb22-img_0910_box0_7.png,5
53eb7400-img_1167_box0_5.png,5
d9f4ed38-img_0423_box0_9.png,5
1d0dd8bd-img_1916_box0_7.png,5
cc9e0c53-img_1863_box0_4.png,5
49e52ed8-img_0110_box0_5.png,5
fa7a03ea-img_0353_box0_4.png,5
f02894ae-img_0184_box3_4.png,5
92af34a1-img_0310_box0_10.png,5
6bf8b758-img_0315_box0_8.png,5
bec89e06-img_1343_box0_5.png,5
fcaeb8c6-img_1453_box0_2.png,5
7d5d354b-img_1379_box0_9.png,5
a8b2b7e7-img_0923_box0_4.png,5
357c35fd-img_0704_box0_8.png,5
612dd052-img_1753_box0_4.png,5
6fea39c4-img_0475_box0_2.png,5
c4c9b450-img_0404_box0_0.png,5
4400c7c6-img_1609_box0_2.png,5
cd8ec4b3-img_1101_box0_4.png,5
8e158583-img_1695_box0_3.png,5
255e32c6-img_1382_box0_2.png,5
6c386017-img_0711_box0_1.png,5
16100ae0-img_0245_box0_5.png,5
c5638fb9-img_0377_box0_4.png,5
577ba18a-img_0598_box0_8.png,5
009995c3-img_1313_box0_4.png,5
05301ccf-img_0513_box0_0.png,5
3240cca1-img_1015_box0_5.png,5
fba5cc31-img_1069_box0_9.png,5
e80f893c-img_1991_box0_2.png,5
fc1c5905-img_1540_box0_1.png,5
1c57482e-img_1828_box0_7.png,5
390c4ce2-img_1838_box0_8.png,5
a03683e0-img_0837_box0_9.png,5
56ec528a-img_0545_box0_4.png,5
fade15a3-img_0853_box0_3.png,5
bd9345f0-img_1025_box0_3.png,5
dff2d15a-img_0293_box0_5.png,5
2b362514-img_0985_box0_3.png,5
81c17c82-img_0328_box0_10.png,5
ed8915cc-img_1023_box0_4.png,5
8d573084-img_0651_box0_4.png,5
5683a72f-img_1272_box0_1.png,5
633a750e-img_0210_box0_0.png,5
f4ec1193-img_0619_box0_0.png,5
0df54e09-img_0727_box0_4.png,5
e3c3f37f-img_1045_box0_3.png,5
1488b24f-img_0059_box0_0.png,5
dc000f60-img_0292_box0_9.png,5
bb625d57-img_1493_box0_1.png,5
03fdf787-img_0301_box0_2.png,5
d3a084d6-img_0318_box0_9.png,5
78183c99-img_0653_box0_3.png,5
132ecdfe-img_0382_box0_3.png,5
3bf1454b-img_0458_box0_4.png,5
1da10b10-img_0325_box0_8.png,5
3cdf3d70-img_1727_box0_1.png,5
87347de1-img_1344_box0_3.png,5
9ac2e949-img_0504_box0_4.png,5
47049b32-img_1337_box0_4.png,5
bca2512c-img_0267_box0_8.png,5
dccee259-img_0693_box0_0.png,5
e04764cf-img_1815_box0_1.png,5
de074a68-img_1703_box0_2.png,5
c11a5ac5-img_0268_box0_0.png,5
a88b9468-img_1751_box0_8.png,5
e04764cf-img_1815_box0_7.png,5
018e2168-img_1121_box0_5.png,5
6c011b54-img_1143_box0_2.png,5
88842de0-img_0326_box0_4.png,5
7c5f1f0d-img_0302_box0_9.png,5
20ee0db1-img_1464_box0_9.png,5
203b9f55-img_0367_box0_2.png,5
6a038a02-img_0594_box0_2.png,5
3aea4bfc-img_1224_box0_1.png,5
d80a73e4-img_0691_box0_2.png,5
aa1aa9c6-img_0334_box0_10.png,5
9bdfb664-img_1619_box0_7.png,5
88c20153-img_0858_box0_8.png,5
ed8915cc-img_1023_box0_2.png,5
6b46fa13-img_1430_box0_4.png,5
db43b18d-img_1970_box0_0.png,5
813a90e5-img_1491_box0_4.png,5
d5269fab-img_0521_box0_9.png,5
ef758bec-img_0731_box0_2.png,5
e77cc8c4-img_1953_box0_5.png,5
9d97cfcd-img_1114_box0_5.png,5
09c66bd3-img_1036_box0_4.png,5
ebaef50e-img_1495_box0_1.png,5
5f51d497-img_1044_box0_1.png,5
5705fcc9-img_1854_box0_7.png,5
eea8cde2-img_0434_box0_5.png,5
57bb976e-img_0340_box0_10.png,5
b355a1ed-img_0289_box0_9.png,5
6729fe6e-img_0196_box0_9.png,5
35becfc0-img_0537_box0_3.png,5
048b1144-img_0257_box1_9.png,5
1ce387f0-img_0898_box0_9.png,5
b54824b6-img_0402_box0_8.png,5
31f66f08-img_0197_box0_9.png,5
0e9a9e53-img_1931_box0_2.png,5
5af2db00-img_1115_box2_8.png,5
9f25b901-img_1875_box0_3.png,5
baac19c8-img_1612_box0_3.png,5
8b117089-img_0822_box0_7.png,5
18d55fd4-img_0489_box0_8.png,5
ff735df9-img_1163_box0_1.png,5
132c4098-img_0914_box0_9.png,5
324bd33e-img_0874_box0_9.png,5
49091a2d-img_1357_box0_7.png,5
d3a084d6-img_0318_box0_3.png,5
1256815d-img_1032_box0_3.png,5
d368ddb0-img_0516_box0_1.png,5
c953a3e5-img_0384_box0_2.png,5
89beda13-img_1697_box0_4.png,5
0cd160e6-img_0409_box0_10.png,5
829f55b6-img_0386_box0_5.png,5
1776f483-img_1322_box0_9.png,5
05f6a836-img_0563_box0_5.png,5
2a0af09b-img_1818_box0_5.png,5
8d573084-img_0651_box0_9.png,5
f02894ae-img_0184_box4_3.png,5
60295325-img_0839_box0_8.png,5
86bd18b7-img_0684_box0_1.png,5
5e4dfc92-img_0599_box0_2.png,5
9901a03b-img_0953_box0_3.png,5
909f6166-img_1776_box0_4.png,5
d20b9204-img_0582_box0_2.png,5
09dfe6a1-img_1705_box0_7.png,5
cbe8b14e-img_0893_box0_1.png,5
c091f53a-img_1124_box0_4.png,5
c23cb101-img_1757_box0_2.png,5
1a3bb82c-img_1690_box0_4.png,5
0d49d0df-img_1206_box0_5.png,5
5705fcc9-img_1854_box0_4.png,5
106fb67d-img_1800_box0_9.png,5
31f66f08-img_0197_box1_5.png,5
829a8fbd-img_0675_box0_3.png,5
a5f4a695-img_1642_box0_9.png,5
537737a4-img_0942_box0_1.png,5
bca2512c-img_0267_box0_0.png,5
9b8dca68-img_1428_box0_3.png,5
8ee1c403-img_0170_box0_4.png,5
2f6a8a40-img_1910_box0_9.png,5
914c216d-img_1748_box0_5.png,5
2ea3b4ec-img_0851_box0_2.png,5
12213d8a-img_1915_box0_7.png,5
a88b9468-img_1751_box0_3.png,5
a4be843b-img_0342_box0_8.png,5
413eba7e-img_0344_box0_8.png,5
e25080c3-img_1178_box0_3.png,5
f6020054-img_0698_box0_1.png,5
429d3c74-img_0552_box0_5.png,5
e548446b-img_1490_box0_3.png,5
0a4ed302-img_0779_box0_8.png,5
6de2b56e-img_0591_box0_4.png,5
7260b1cf-img_1823_box0_5.png,5
282197c8-img_1140_box0_4.png,5
f3efdd87-img_0215_box0_3.png,5
ebd9a8ca-img_1335_box0_5.png,5
1542ca87-img_1761_box0_8.png,5
4133fe62-img_1638_box0_4.png,5
8452c50a-img_1732_box0_0.png,5
dd6bd05e-img_1396_box0_4.png,5
e36c625f-img_0528_box0_3.png,5
55eff6b8-img_1208_box0_3.png,5
2d70b6cd-img_0811_box0_8.png,5
7d9804d0-img_0285_box0_10.png,5
e733638a-img_1235_box2_8.png,5
d8298746-img_1158_box0_8.png,5
02e15a5b-img_1766_box0_2.png,5
1be25fbc-img_1851_box0_3.png,5
67ebd32a-img_1299_box0_4.png,5
f6015c80-img_1317_box0_1.png,5
bb625d57-img_1493_box0_3.png,5
f29226a4-img_0778_box0_4.png,5
c14f9972-img_0101_box0_1.png,5
813a90e5-img_1491_box0_7.png,5
4bf9db87-img_0566_box0_3.png,5
121415b4-img_1083_box0_4.png,5
ecc53255-img_0427_box0_7.png,5
8cb3550d-img_0938_box0_4.png,5
453fb507-img_0931_box0_1.png,5
82b719ab-img_1296_box0_4.png,5
87b66a1c-img_0385_box0_2.png,5
d3142344-img_1617_box0_7.png,5
078b63ee-img_0747_box0_3.png,5
17b64bd2-img_1848_box0_1.png,5
d87ed836-img_0830_box0_2.png,5
8ceaaf71-img_0926_box0_1.png,5
8452c50a-img_1732_box0_1.png,5
2ac2b9a2-img_0502_box0_3.png,5
97e9462c-img_1482_box0_1.png,5
3e89662b-img_1937_box0_0.png,5
ddbddb2b-img_1987_box0_3.png,5
5fbf3f8e-img_1484_box0_2.png,5
bab5d410-img_0977_box0_2.png,5
4f5682fe-img_1222_box0_1.png,5
c5638fb9-img_0377_box0_8.png,5
8be52982-img_1009_box0_3.png,5
3c8c65e1-img_1739_box0_1.png,5
be4f5f7a-img_1718_box0_1.png,5
e2a8127d-img_1075_box0_3.png,5
c1b2d5bd-img_1947_box0_4.png,5
3aa7b213-img_0381_box0_4.png,5
68c1fc98-img_0448_box0_1.png,5
57439959-img_1326_box0_4.png,5
a76d1cdc-img_1084_box0_7.png,5
b575bda8-img_0378_box0_4.png,5
7fe82877-img_0900_box0_1.png,5
5e4dfc92-img_0599_box0_3.png,5
1ee9fece-img_1530_box0_1.png,5
39393121-img_0903_box0_2.png,5
97fe358a-img_0415_box0_3.png,5
f02894ae-img_0184_box0_2.png,5
5b078393-img_0539_box0_4.png,5
e70411e3-img_1636_box0_7.png,5
5187df81-img_0988_box0_4.png,5
f569b10c-img_1397_box0_2.png,5
c5b1fcb9-img_1149_box0_5.png,5
26edc013-img_0063_box0_0.png,5
1e32a027-img_1401_box0_1.png,5
05116ae9-img_1047_box0_3.png,5
ea7aabf9-img_0627_box0_9.png,5
80eb66df-img_1474_box0_8.png,5
437d0a12-img_1307_box0_7.png,5
362ff4f1-img_1164_box0_3.png,5
5ff81321-img_1094_box0_2.png,5
8f1fccd7-img_1667_box0_9.png,5
6e750ce3-img_0987_box0_1.png,5
e14dd10b-img_0740_box0_3.png,5
987e6f25-img_0060_box0_0.png,5
a26d5f4a-img_0564_box0_4.png,5
d368ddb0-img_0516_box0_0.png,5
a090df1e-img_1182_box0_1.png,5
06d3f338-img_0862_box0_0.png,5
8c17714f-img_1078_box0_8.png,5
3cfa767f-img_1463_box0_1.png,5
d76972f3-img_0815_box0_9.png,5
96f0cf6a-img_0204_box0_0.png,5
72a66161-img_1744_box0_1.png,5
3e7ce0eb-img_0887_box0_2.png,5
8cb3550d-img_0938_box0_1.png,5
1f0d0165-img_0973_box0_2.png,5
31f66f08-img_0197_box1_9.png,5
dacd2eb3-img_1105_box0_9.png,5
24282734-img_0788_box0_5.png,5
60732a63-img_0450_box0_1.png,5
53b76076-img_0625_box0_8.png,5
d3bf80f1-img_0961_box0_2.png,5
8957d4c4-img_1725_box0_1.png,5
dda0864d-img_1912_box0_3.png,5
627abe47-img_0421_box0_1.png,5
ea7aabf9-img_0627_box0_4.png,5
1327d650-img_0840_box0_2.png,5
d80a73e4-img_0691_box0_1.png,5
a93015be-img_1265_box0_2.png,5
20384117-img_1136_box0_3.png,5
5bb8f278-img_0462_box0_2.png,5
20c12ea9-img_0332_box0_7.png,5
c49de6d9-img_0269_box0_2.png,5
1ead0e21-img_0336_box0_8.png,5
e25080c3-img_1178_box0_1.png,5
fe3a7ec2-img_0129_box0_9.png,5
203b9f55-img_0367_box0_10.png,5
861b873f-img_0168_box0_5.png,5
2faa7c78-img_1550_box0_1.png,5
0f2fc44c-img_1419_box0_4.png,5
f2c92235-img_1377_box0_1.png,5
4c7fad7f-img_1717_box0_1.png,5
981d5300-img_1043_box0_5.png,5
f3b24e72-img_0501_box0_4.png,5
3f0246b4-img_1558_box0_9.png,5
5670644d-img_0548_box0_2.png,5
1a66acbe-img_1803_box0_1.png,5
61cd5bed-img_0663_box0_8.png,5
2b4c9ac7-img_1160_box0_4.png,5
e5acb424-img_0531_box0_1.png,5
8c07bdd3-img_1400_box0_1.png,5
69ce7e2c-img_0679_box0_3.png,5
f7995d97-img_1582_box0_7.png,5
f02894ae-img_0184_box2_2.png,5
453d2704-img_1090_box0_9.png,5
60a18a34-img_1162_box1_8.png,5
c9ffa7bb-img_0982_box0_7.png,5
e5016549-img_1693_box0_1.png,5
c9e837cd-img_1640_box0_2.png,5
018e2168-img_1121_box1_1.png,5
83032fa7-img_1955_box0_9.png,5
e9c55cd6-img_1870_box0_2.png,5
0fbfc127-img_1119_box2_2.png,5
a8c04611-img_1591_box0_3.png,5
5c5a849e-img_0728_box0_2.png,5
1917e083-img_0440_box0_8.png,5
df91fe09-img_0541_box0_5.png,5
c23cb101-img_1757_box0_5.png,5
d20ced95-img_1699_box0_3.png,5
db2ed460-img_0968_box0_0.png,5
27554478-img_1899_box0_4.png,5
a4002c91-img_0494_box0_3.png,5
b75b0d8c-img_1634_box0_1.png,5
118200ce-img_1581_box0_1.png,5
9116c610-img_0908_box0_4.png,5
bd722347-img_1221_box0_4.png,5
598ac237-img_1031_box0_3.png,5
07cdf961-img_1894_box0_2.png,5
0df54e09-img_0727_box0_7.png,5
68dacc85-img_1086_box0_9.png,5
a7ce99b8-img_1842_box0_2.png,5
27da74d0-img_1531_box0_1.png,5
57d16ad1-img_0533_box0_8.png,5
200ba5d6-img_1656_box0_2.png,5
8cc109b8-img_0130_box0_9.png,5
bb7d2bce-img_1769_box0_3.png,5
13cac3ee-img_1862_box0_7.png,5
1ee9fece-img_1530_box0_3.png,5
03e098b7-img_1645_box0_9.png,5
5c3947da-img_0439_box0_8.png,5
d4c7bff4-img_1227_box0_8.png,5
4e124c6e-img_1353_box0_7.png,5
20de06e8-img_0669_box0_2.png,5
3d3caad9-img_1354_box0_9.png,5
0bde1e92-img_0491_box0_4.png,5
2a771bb8-img_1053_box0_4.png,5
3297cfb7-img_0827_box0_2.png,5
68e60d23-img_0323_box0_8.png,5
57d91646-img_0116_box0_8.png,5
2da38d94-img_0755_box0_1.png,5
9d2e771b-img_1918_box0_7.png,5
8d2d3cc0-img_0720_box0_5.png,5
7a9feae0-img_1440_box0_8.png,5
377cc48c-img_1882_box0_0.png,5
20c12ea9-img_0332_box0_9.png,5
6919bf05-img_1231_box0_3.png,5
237f7aca-img_0713_box0_4.png,5
989c1c89-img_1655_box0_2.png,5
60a18a34-img_1162_box0_2.png,5
203b9f55-img_0367_box0_4.png,5
101bfd2a-img_0256_box0_8.png,5
d2103c36-img_0995_box0_1.png,5
0fbfc127-img_1119_box3_2.png,5
8cb3550d-img_0938_box0_2.png,5
385cb822-img_1276_box0_4.png,5
1cd95196-img_0895_box0_4.png,5
1fa0dab6-img_0424_box0_5.png,5
da780b77-img_0997_box0_8.png,5
0eedb10f-img_0915_box0_9.png,5
255e32c6-img_1382_box0_3.png,5
b575bda8-img_0378_box0_8.png,5
6b9d47bc-img_1089_box0_2.png,5
bb704d64-img_0231_box1_5.png,5
f6b1e361-img_1260_box0_3.png,5
983606d3-img_0615_box0_1.png,5
c02c6f08-img_0813_box0_1.png,5
86470b85-img_0485_box0_4.png,5
9808329b-img_1064_box0_7.png,5
f8165b79-img_1481_box0_7.png,5
7ebc8397-img_1629_box0_2.png,5
97fe358a-img_0415_box0_8.png,5
f8214993-img_1741_box0_1.png,5
43b827f8-img_1325_box0_9.png,5
d31a64e7-img_0213_box0_1.png,5
7a410153-img_1890_box0_1.png,5
def259d2-img_0234_box0_1.png,5
c23cb101-img_1757_box0_3.png,5
dee64040-img_0464_box0_2.png,5
121415b4-img_1083_box0_9.png,5
a4b1bd1e-img_1896_box0_7.png,5
ec3a0163-img_1304_box0_3.png,5
b566e907-img_1071_box0_9.png,5
ea452bc9-img_1270_box0_9.png,5
2a8a03ed-img_1116_box0_2.png,5
0847a7f8-img_0158_box0_8.png,5
a6af72e9-img_0820_box0_1.png,5
6ec94338-img_1601_box0_9.png,5
fba5cc31-img_1069_box0_3.png,5
cc6acb8b-img_0457_box0_4.png,5
1be25fbc-img_1851_box0_4.png,5
cb6fa2a4-img_1917_box0_3.png,5
3648d383-img_0637_box0_8.png,5
a6eedece-img_0933_box0_1.png,5
0e9a9e53-img_1931_box0_3.png,5
b6786c4a-img_0058_box0_2.png,5
6fea39c4-img_0475_box0_9.png,5
413edd57-img_1436_box0_4.png,5
e20be7c6-img_1822_box0_1.png,5
9b24ad51-img_1137_box0_4.png,5
5c517817-img_0589_box0_4.png,5
07d8eb18-img_0796_box0_9.png,5
8e03793b-img_0944_box0_8.png,5
0bde1e92-img_0491_box0_9.png,5
2dc009e0-img_1949_box0_9.png,5
03e098b7-img_1645_box0_4.png,5
12213d8a-img_1915_box0_1.png,5
a8c04611-img_1591_box0_4.png,5
3198bf04-img_1369_box0_2.png,5
349d9f9e-img_0419_box0_7.png,5
0924b9d7-img_0759_box0_8.png,5
067cbc22-img_1687_box0_1.png,5
1a66acbe-img_1803_box0_8.png,5
453fb507-img_0931_box0_8.png,5
fc82e5cc-img_0255_box0_8.png,5
ebd9a8ca-img_1335_box0_4.png,5
2da38d94-img_0755_box0_4.png,5
3c8c65e1-img_1739_box0_7.png,5
ed134b7f-img_0235_box0_5.png,5
f3efdd87-img_0215_box0_5.png,5
7a6aa284-img_0544_box0_4.png,5
9b24ad51-img_1137_box0_1.png,5
e3a62f26-img_0842_box0_4.png,5
c5638fb9-img_0377_box0_5.png,5
fe3a7ec2-img_0129_box0_3.png,5
365c5920-img_1193_box1_1.png,5
01b3319f-img_0738_box0_4.png,5
cd8ec4b3-img_1101_box2_4.png,5
911722b9-img_0425_box0_5.png,5
23f97d45-img_0763_box0_9.png,5
a93a0316-img_1675_box0_4.png,5
8e1fdf71-img_0661_box0_4.png,5
58a3f1eb-img_0748_box0_9.png,5
a739f31b-img_0917_box0_5.png,6
448d752a-img_1840_box0_10.png,6
46789bbc-img_0264_box0_5.png,6
5c517817-img_0589_box0_10.png,6
13f25760-img_1827_box0_2.png,6
a78b8582-img_0305_box0_5.png,6
616f0fe2-img_1951_box0_2.png,6
ef64aa05-img_1698_box0_10.png,6
6b7cc309-img_1603_box0_10.png,6
c23850b7-img_1979_box0_7.png,6
98bebf82-img_1186_box0_10.png,6
b064fe88-img_1252_box0_10.png,6
a8940af0-img_0433_box0_4.png,6
bd4667b1-img_1179_box0_9.png,6
6ccc74de-img_0950_box0_9.png,6
7b5d1fa6-img_1941_box0_10.png,6
bc6e16f5-img_0860_box0_10.png,6
24282734-img_0788_box0_10.png,6
8b41434c-img_1408_box0_4.png,6
8e9a499b-img_0905_box0_10.png,6
dad7dc44-img_1442_box0_5.png,6
5f84c9e1-img_0581_box0_1.png,6
f467608e-img_0333_box0_5.png,6
baac19c8-img_1612_box0_9.png,6
c02c6f08-img_0813_box0_10.png,6
1658f877-img_1095_box0_10.png,6
414d4a46-img_0496_box0_5.png,6
8688c2ca-img_1024_box0_1.png,6
c4b838c5-img_0260_box0_4.png,6
8a4f1dc1-img_1577_box0_9.png,6
7e2eba54-img_1701_box0_7.png,6
365f19d5-img_0418_box0_4.png,6
02f2b39a-img_1876_box0_5.png,6
bab5d410-img_0977_box0_4.png,6
fec37ecb-img_0329_box0_2.png,6
13f0bd26-img_0338_box0_2.png,6
3f404553-img_0812_box0_10.png,6
80eb66df-img_1474_box0_10.png,6
4c77533e-img_0719_box0_9.png,6
20fd151b-img_1319_box0_2.png,6
577ba18a-img_0598_box0_10.png,6
cc784e8b-img_1328_box0_9.png,6
2ac2b9a2-img_0502_box0_1.png,6
d31a64e7-img_0213_box0_10.png,6
b44a1413-img_0639_box0_10.png,6
453fb507-img_0931_box0_10.png,6
98337ccc-img_1502_box0_3.png,6
1371ce8e-img_0469_box0_9.png,6
6085e8fd-img_0278_box0_8.png,6
e8b333ae-img_1155_box0_9.png,6
744c24c1-img_0846_box0_3.png,6
bacd5d7a-img_1909_box0_9.png,6
121415b4-img_1083_box0_7.png,6
87347de1-img_1344_box0_4.png,6
e040e0ab-img_0613_box0_10.png,6
f69036e3-img_1387_box0_1.png,6
413edd57-img_1436_box0_10.png,6
d2c4ee86-img_0497_box0_9.png,6
295cc85f-img_0100_box0_1.png,6
519a8861-img_1381_box0_10.png,6
2ee8ca7d-img_0821_box0_1.png,6
e20be7c6-img_1822_box0_8.png,6
02f2b39a-img_1876_box0_10.png,6
73cbd4dc-img_1647_box0_2.png,6
af27d531-img_0716_box0_1.png,6
fc8a0cdd-img_0807_box0_7.png,6
2b362514-img_0985_box0_9.png,6
bec89e06-img_1343_box0_10.png,6
ef64aa05-img_1698_box0_5.png,6
a0916289-img_1386_box0_7.png,6
88c20153-img_0858_box0_10.png,6
ad97eebf-img_0498_box0_8.png,6
870c1cfc-img_1088_box0_9.png,6
9243def7-img_1314_box0_10.png,6
6edb721e-img_0924_box0_10.png,6
dda0864d-img_1912_box0_10.png,6
cc784e8b-img_1328_box0_4.png,6
7dc63307-img_0641_box0_4.png,6
d25cb498-img_1038_box0_2.png,6
236f0ed1-img_0228_box0_4.png,6
236f0ed1-img_0228_box0_10.png,6
214c1dfa-img_0733_box0_1.png,6
1542ca87-img_1761_box0_10.png,6
2dc009e0-img_1949_box0_4.png,6
0367cfeb-img_1000_box0_9.png,6
d23e1010-img_0330_box0_2.png,6
cbb2c3e1-img_1130_box0_3.png,6
3e0a066c-img_0792_box0_1.png,6
dccee259-img_0693_box0_9.png,6
15a9e8e0-img_1551_box0_10.png,6
27554478-img_1899_box0_10.png,6
3ee3434a-img_1506_box0_3.png,6
429d3c74-img_0552_box0_3.png,6
466ffc67-img_1825_box0_5.png,6
059a723f-img_1257_box0_9.png,6
5c29686c-img_1935_box0_2.png,6
ee40173b-img_0391_box0_5.png,6
5f51d497-img_1044_box0_10.png,6
365c5920-img_1193_box1_9.png,6
038b5b85-img_1621_box0_10.png,6
796a2fd5-img_1156_box0_4.png,6
47049b32-img_1337_box0_10.png,6
7e7c668a-img_0607_box0_10.png,6
2db5f6fe-img_1100_box1_9.png,6
26edc013-img_0063_box0_9.png,6
a9f6fb7b-img_1042_box0_2.png,6
2b57348c-img_1889_box0_10.png,6
6b9435f6-img_1566_box0_10.png,6
9d2e771b-img_1918_box0_2.png,6
3cdf9dd4-img_1110_box0_10.png,6
6148d762-img_0571_box0_10.png,6
a739f31b-img_0917_box0_10.png,6
8e2047bf-img_0870_box0_2.png,6
fc8a0cdd-img_0807_box0_3.png,6
147847e8-img_1670_box0_10.png,6
3ca5c487-img_0635_box0_10.png,6
7f1feaba-img_0482_box0_10.png,6
61e672ad-img_0508_box0_10.png,6
5c29686c-img_1935_box0_10.png,6
c49de6d9-img_0269_box0_3.png,6
775aa605-img_1579_box0_2.png,6
d6874f97-img_0835_box0_5.png,6
8a7c8605-img_0875_box0_4.png,6
73f49f61-img_0798_box0_1.png,6
444e1c79-img_0593_box0_9.png,6
8e1fdf71-img_0661_box0_2.png,6
ef12392f-img_1742_box0_3.png,6
bdccd8f5-img_0871_box0_3.png,6
a78b8582-img_0305_box0_3.png,6
765fbe04-img_0984_box0_10.png,6
dcd5e01d-img_0296_box0_5.png,6
466ffc67-img_1825_box0_10.png,6
437db25f-img_0512_box0_5.png,6
42098075-img_1861_box0_1.png,6
449f1fbd-img_1185_box0_9.png,6
5c24e33e-img_1169_box0_9.png,6
1542ca87-img_1761_box0_5.png,6
fec37ecb-img_0329_box0_8.png,6
b75b0d8c-img_1634_box0_10.png,6
8a426f9f-img_1029_box0_2.png,6
f4ec1193-img_0619_box0_9.png,6
78a18d7e-img_0703_box0_10.png,6
775aa605-img_1579_box0_10.png,6
c178160c-img_1120_box1_8.png,6
36e6bfbb-img_1171_box0_10.png,6
2621567a-img_1781_box0_4.png,6
5e687f25-img_1287_box0_4.png,6
980d4c98-img_0729_box0_8.png,6
06d3f338-img_0862_box0_4.png,6
eb066ca8-img_1646_box0_2.png,6
09dfe6a1-img_1705_box0_4.png,6
88833057-img_1856_box0_3.png,6
8688c2ca-img_1024_box0_9.png,6
fed264ab-img_1461_box0_7.png,6
90dabf82-img_1173_box0_10.png,6
6968737b-img_1806_box0_4.png,6
8e1fdf71-img_0661_box0_10.png,6
b2a43547-img_0707_box0_8.png,6
9243def7-img_1314_box0_4.png,6
42098075-img_1861_box0_2.png,6
acc44457-img_1019_box0_9.png,6
d2459e13-img_0470_box0_10.png,6
ccb9a03c-img_0199_box0_1.png,6
7a9feae0-img_1440_box0_10.png,6
acc44457-img_1019_box0_3.png,6
b2cbca1e-img_0737_box0_3.png,6
43fde18a-img_0888_box0_7.png,6
ab87c00b-img_0221_box0_10.png,6
bdccd8f5-img_0871_box0_10.png,6
73cbd4dc-img_1647_box0_10.png,6
e138badb-img_1536_box0_2.png,6
7a6aa284-img_0544_box0_10.png,6
4bb87448-img_0617_box0_2.png,6
8762ffdc-img_1102_box0_10.png,6
3d83aa43-img_0576_box0_1.png,6
94d8842a-img_1445_box0_4.png,6
b4a75b9b-img_1665_box0_1.png,6
3e89662b-img_1937_box0_9.png,6
429d3c74-img_0552_box0_1.png,6
43f071c1-img_1942_box0_2.png,6
a652290f-img_0077_box0_10.png,6
7b5d1fa6-img_1941_box0_4.png,6
2b4c9ac7-img_1160_box0_9.png,6
2c761ac8-img_1174_box0_4.png,6
d368ddb0-img_0516_box0_9.png,6
5af2db00-img_1115_box0_9.png,6
1776f483-img_1322_box0_2.png,6
455824b1-img_1860_box0_2.png,6
3198cd32-img_0479_box0_1.png,6
b2ce4c59-img_2001_box0_2.png,6
365c5920-img_1193_box2_10.png,6
6e7fdc2d-img_0760_box0_1.png,6
7a44796f-img_0023_box0_5.png,6
ad97eebf-img_0498_box0_1.png,6
5c5a849e-img_0728_box0_10.png,6
e77f7924-img_1459_box0_2.png,6
53b76076-img_0625_box0_10.png,6
42098075-img_1861_box0_4.png,6
635d5c5b-img_1187_box0_3.png,6
b355a1ed-img_0289_box0_7.png,6
453fb507-img_0931_box0_2.png,6
21c5b397-img_1997_box0_4.png,6
76ea282d-img_0290_box0_3.png,6
c16cfca1-img_1450_box0_4.png,6
be0122f8-img_0818_box0_8.png,6
c3db92fd-img_1568_box0_3.png,6
fc4ba2f5-img_0614_box0_10.png,6
841b83d8-img_0762_box0_9.png,6
aae9475c-img_0751_box0_9.png,6
c02d1402-img_0373_box0_2.png,6
6526cc39-img_1651_box0_10.png,6
d87ed836-img_0830_box0_3.png,6
d4cdc239-img_1755_box0_2.png,6
7512c1ef-img_1588_box0_1.png,6
e25080c3-img_1178_box0_8.png,6
455824b1-img_1860_box0_10.png,6
f2c92235-img_1377_box0_4.png,6
6e48e458-img_0392_box0_5.png,6
3524ad90-img_0540_box0_2.png,6
ed2a4138-img_0238_box0_3.png,6
ed5ba531-img_1611_box0_4.png,6
60a18a34-img_1162_box1_10.png,6
067cbc22-img_1687_box0_10.png,6
bca2512c-img_0267_box0_10.png,6
36b268c7-img_0880_box0_4.png,6
46673d46-img_1294_box0_10.png,6
b4e8b7ca-img_1850_box0_3.png,6
a78b8582-img_0305_box0_10.png,6
b71e0d24-img_1063_box0_10.png,6
55a2acb2-img_0743_box0_10.png,6
57439959-img_1326_box0_8.png,6
da7d4eee-img_1488_box1_9.png,6
34ebe64f-img_1280_box1_4.png,6
6148d762-img_0571_box0_1.png,6
6370d121-img_0723_box0_2.png,6
26869b9e-img_1065_box0_7.png,6
981d5300-img_1043_box0_10.png,6
43b64976-img_1236_box0_9.png,6
3aea4bfc-img_1224_box0_10.png,6
922b7bb5-img_1783_box0_9.png,6
75fe5736-img_1390_box0_4.png,6
72a66161-img_1744_box0_10.png,6
682ddd99-img_0212_box0_10.png,6
faf2e889-img_1839_box0_4.png,6
bb704d64-img_0231_box0_8.png,6
75fe5736-img_1390_box0_9.png,6
989c1c89-img_1655_box0_10.png,6
53eb7400-img_1167_box0_10.png,6
e77f7924-img_1459_box0_10.png,6
0593c446-img_0877_box0_9.png,6
2f066a31-img_1735_box0_4.png,6
e2b6b788-img_1858_box0_5.png,6
914c216d-img_1748_box0_10.png,6
56169b21-img_0841_box0_2.png,6
939230e6-img_1302_box0_3.png,6
3ee3434a-img_1506_box0_2.png,6
571fcb1f-img_1844_box0_3.png,6
3198cd32-img_0479_box0_2.png,6
22caeb51-img_0230_box0_10.png,6
2f6045e7-img_1731_box0_3.png,6
744180c3-img_0785_box0_10.png,6
f15b0633-img_0645_box0_5.png,6
940149b6-img_0588_box0_9.png,6
b1819f06-img_1961_box0_9.png,6
f02894ae-img_0184_box3_9.png,6
8b0aeec8-img_0031_box0_9.png,6
34ebe64f-img_1280_box0_10.png,6
a8940af0-img_0433_box0_5.png,6
365f19d5-img_0418_box0_10.png,6
4b081b19-img_1923_box0_10.png,6
775c8208-img_1432_box0_10.png,6
3bf936bf-img_1938_box0_10.png,6
82b719ab-img_1296_box0_10.png,6
540f4487-img_1058_box0_4.png,6
34ebe64f-img_1280_box0_1.png,6
ad10ff79-img_0390_box0_5.png,6
c02c6f08-img_0813_box0_3.png,6
2b57348c-img_1889_box0_8.png,6
7819899c-img_1716_box0_2.png,6
45d0a74c-img_0809_box0_4.png,6
9baf0d8c-img_1538_box0_10.png,6
f567628d-img_1148_box0_4.png,6
909f6166-img_1776_box0_10.png,6
cbd11712-img_1132_box0_9.png,6
21a882b1-img_1091_box0_3.png,6
13f25760-img_1827_box0_1.png,6
72fb4dd7-img_0532_box0_10.png,6
11b1d9e4-img_1884_box0_9.png,6
91108812-img_0488_box0_9.png,6
52ff73ae-img_0604_box0_10.png,6
86b72816-img_1190_box0_4.png,6
a5d4455f-img_0714_box0_4.png,6
2621567a-img_1781_box0_10.png,6
9b8dca68-img_1428_box0_10.png,6
512eb2dd-img_1980_box0_4.png,6
829a8fbd-img_0675_box0_10.png,6
8957d4c4-img_1725_box0_4.png,6
c1febc46-img_1596_box0_7.png,6
dccee259-img_0693_box0_4.png,6
6148d762-img_0571_box0_8.png,6
d2103c36-img_0995_box0_10.png,6
64aea6e5-img_0505_box0_9.png,6
53b76076-img_0625_box0_5.png,6
473c222f-img_1903_box0_9.png,6
bb704d64-img_0231_box1_2.png,6
147847e8-img_1670_box0_2.png,6
50137461-img_1561_box0_4.png,6
f2c92235-img_1377_box0_7.png,6
fa7a03ea-img_0353_box0_10.png,6
0924b9d7-img_0759_box0_10.png,6
385cb822-img_1276_box0_10.png,6
d5269fab-img_0521_box0_3.png,6
e030770f-img_1874_box0_4.png,6
4b14a232-img_1902_box0_5.png,6
154b5b96-img_0697_box0_10.png,6
8658b1b1-img_1067_box0_9.png,6
ba42e381-img_0913_box0_10.png,6
32d13729-img_0696_box0_10.png,6
006a624f-img_0166_box0_10.png,6
a5d4455f-img_0714_box0_9.png,6
8b251970-img_0671_box0_3.png,6
de074a68-img_1703_box0_3.png,6
429d3c74-img_0552_box0_10.png,6
e57dc4ba-img_0983_box0_10.png,6
20384117-img_1136_box0_4.png,6
8b251970-img_0671_box0_10.png,6
43a14ff9-img_0998_box0_7.png,6
d723f3d8-img_1671_box0_4.png,6
a739f31b-img_0917_box0_4.png,6
980d4c98-img_0729_box0_10.png,6
a3feb732-img_1145_box0_10.png,6
f3efdd87-img_0215_box0_9.png,6
18e56b2e-img_1669_box0_5.png,6
d31a64e7-img_0213_box0_3.png,6
3b9acab9-img_0483_box0_2.png,6
fed264ab-img_1461_box0_3.png,6
158aefe0-img_0806_box0_1.png,6
d520f5c7-img_1177_box0_8.png,6
8a426f9f-img_1029_box0_4.png,6
99311b49-img_1175_box1_10.png,6
cb6fa2a4-img_1917_box0_10.png,6
02e15a5b-img_1766_box0_3.png,6
653ba2d2-img_0634_box0_1.png,6
ad97eebf-img_0498_box0_10.png,6
ef64aa05-img_1698_box0_8.png,6
6e8550a1-img_0265_box0_4.png,6
da780b77-img_0997_box0_1.png,6
a8aa8be2-img_0337_box0_2.png,6
2ecb92d0-img_1039_box0_9.png,6
5cca0e4d-img_1932_box0_3.png,6
bacd5d7a-img_1909_box0_2.png,6
98984714-img_0354_box0_10.png,6
67bf4fb7-img_1618_box0_10.png,6
23f48210-img_0774_box0_10.png,6
154b5b96-img_0697_box0_3.png,6
ff2623c1-img_1332_box0_10.png,6
88833057-img_1856_box0_9.png,6
c4732778-img_1575_box0_10.png,6
57439959-img_1326_box0_10.png,6
e7d54e17-img_1108_box0_10.png,6
c23cb101-img_1757_box0_10.png,6
b2a43547-img_0707_box0_10.png,6
d6066fc6-img_1170_box0_10.png,6
f02894ae-img_0184_box6_9.png,6
3bf936bf-img_1938_box0_5.png,6
f20b94eb-img_0240_box0_2.png,6
813a90e5-img_1491_box0_9.png,6
3648d383-img_0637_box0_5.png,6
60202219-img_1791_box0_3.png,6
2faf521b-img_1006_box0_2.png,6
644c96b2-img_1835_box0_9.png,6
37eed58e-img_1052_box0_4.png,6
7fabc0ac-img_0902_box0_10.png,6
a9f6fb7b-img_1042_box0_5.png,6
8e2047bf-img_0870_box0_10.png,6
43df91f5-img_0646_box0_9.png,6
c1de7f6f-img_1578_box0_3.png,6
eb066ca8-img_1646_box0_3.png,6
67f233d8-img_0453_box0_10.png,6
da780b77-img_0997_box0_10.png,6
e5009a40-img_1258_box0_1.png,6
c23cb101-img_1757_box0_1.png,6
2ee8ca7d-img_0821_box0_10.png,6
861b873f-img_0168_box1_9.png,6
3b3782de-img_1238_box0_9.png,6
f3c8d977-img_1832_box0_2.png,6
6007861f-img_0746_box0_10.png,6
0847a7f8-img_0158_box0_1.png,6
69d869db-img_1767_box0_10.png,6
d80a73e4-img_0691_box0_10.png,6
d6874f97-img_0835_box0_10.png,6
1504f4bd-img_1040_box0_10.png,6
05301ccf-img_0513_box0_9.png,6
97959f39-img_1161_box1_9.png,6
b355a1ed-img_0289_box0_3.png,6
7819899c-img_1716_box0_10.png,6
18e56b2e-img_1669_box0_10.png,6
c0cc499a-img_1126_box0_10.png,6
009995c3-img_1313_box0_10.png,6
8e03793b-img_0944_box0_10.png,6
2ac2b9a2-img_0502_box0_8.png,6
35378995-img_0312_box0_1.png,6
27da74d0-img_1531_box0_3.png,6
165a8fec-img_1708_box0_10.png,6
12e7b1de-img_0781_box0_2.png,6
13326d65-img_0927_box0_4.png,6
8e03793b-img_0944_box0_5.png,6
b4a75b9b-img_1665_box0_10.png,6
be9736f9-img_1454_box0_1.png,6
a38377dc-img_0449_box0_10.png,6
5bb8f278-img_0462_box0_10.png,6
a7b1749d-img_1371_box0_2.png,6
b0180fad-img_1080_box0_10.png,6
d8b778b4-img_1615_box0_10.png,6
34ebe64f-img_1280_box0_8.png,6
705fc31c-img_1457_box0_4.png,6
3ffcaaac-img_1001_box0_10.png,6
a5f4a695-img_1642_box0_7.png,6
a6eedece-img_0933_box0_7.png,6
955b1af1-img_1772_box0_10.png,6
621bd08c-img_1927_box0_2.png,6
fd94759a-img_1785_box0_10.png,6
357c35fd-img_0704_box0_5.png,6
3297cfb7-img_0827_box0_10.png,6
e25080c3-img_1178_box0_4.png,6
28d134f6-img_1492_box0_10.png,6
6370d121-img_0723_box0_4.png,6
c5b1fcb9-img_1149_box0_10.png,6
25e16f4b-img_0596_box0_10.png,6
76ea282d-img_0290_box0_7.png,6
86df16f8-img_1971_box0_10.png,6
e13a2f38-img_1392_box0_9.png,6
dcd5e01d-img_0296_box0_3.png,6
2682d113-img_0802_box0_2.png,6
57c240f5-img_1852_box0_10.png,6
6c060a1d-img_0438_box0_4.png,6
b2e06da7-img_1904_box0_2.png,6
720a6bd9-img_0934_box0_10.png,6
f4e694e9-img_1559_box0_3.png,6
2c3f9c4c-img_0783_box0_4.png,6
270aad51-img_0991_box0_10.png,6
cc56b5bb-img_1724_box0_7.png,6
8a7c8605-img_0875_box0_2.png,6
88c20153-img_0858_box0_5.png,6
28d929a8-img_0974_box0_4.png,6
3683f30d-img_1383_box0_1.png,6
f29226a4-img_0778_box0_10.png,6
bd4667b1-img_1179_box0_4.png,6
67bf4fb7-img_1618_box0_3.png,6
38a86769-img_0730_box0_10.png,6
fb322478-img_1341_box0_1.png,6
f02894ae-img_0184_box7_9.png,6
203b9f55-img_0367_box0_5.png,6
644de478-img_1763_box0_10.png,6
56169b21-img_0841_box0_9.png,6
d3aa6ad8-img_1527_box0_4.png,6
a7db40dd-img_1131_box0_2.png,6
c59f0adc-img_1652_box0_2.png,6
60295325-img_0839_box0_1.png,6
1776f483-img_1322_box0_3.png,6
127826dc-img_1565_box0_10.png,6
208a22b1-img_1599_box0_4.png,6
39ef7bf8-img_0896_box0_10.png,6
571785bc-img_1378_box0_10.png,6
437db25f-img_0512_box0_8.png,6
6ef73072-img_1245_box0_1.png,6
2e10ab34-img_1728_box0_9.png,6
c5b1fcb9-img_1149_box1_5.png,6
8d84e932-img_0884_box0_10.png,6
b83d3546-img_0558_box0_2.png,6
c16cfca1-img_1450_box0_3.png,6
45783b62-img_0649_box0_9.png,6
91713c09-img_1509_box0_3.png,6
f15b0633-img_0645_box0_10.png,6
acc44457-img_1019_box0_1.png,6
37eed58e-img_1052_box0_9.png,6
3aea4bfc-img_1224_box0_3.png,6
9022af87-img_1696_box0_9.png,6
7260b1cf-img_1823_box0_10.png,6
b75b0d8c-img_1634_box0_2.png,6
8e4dca6b-img_1443_box0_4.png,6
29d7bad4-img_1868_box0_10.png,6
c98548a6-img_0567_box0_3.png,6
bf876c00-img_1632_box0_10.png,6
ec2020b8-img_1520_box0_2.png,6
e2a8127d-img_1075_box0_10.png,6
72f2c700-img_1216_box0_10.png,6
755e0003-img_0295_box0_3.png,6
4b14a232-img_1902_box0_10.png,6
11b1ebf0-img_1542_box0_10.png,6
f29226a4-img_0778_box0_2.png,6
93ff566c-img_0994_box0_3.png,6
60732a63-img_0450_box0_3.png,6
7a90166d-img_0689_box0_2.png,6
ed8ab46f-img_0474_box0_3.png,6
f02894ae-img_0184_box0_7.png,6
365c5920-img_1193_box0_10.png,6
69d869db-img_1767_box0_4.png,6
158aefe0-img_0806_box0_10.png,6
99bb3d1b-img_0883_box0_10.png,6
5a05e975-img_1723_box0_10.png,6
9d97cfcd-img_1114_box0_9.png,6
fe975dc7-img_0580_box0_10.png,6
ed8ab46f-img_0474_box0_9.png,6
385cb822-img_1276_box0_8.png,6
437db25f-img_0512_box0_10.png,6
3c8c65e1-img_1739_box0_9.png,6
6b7cc309-img_1603_box0_1.png,6
d5ced8a0-img_1320_box0_4.png,6
92a94fb0-img_1944_box0_9.png,6
e13a2f38-img_1392_box0_1.png,6
f898df11-img_1595_box0_9.png,6
fdc71ffd-img_0317_box0_1.png,6
b5b0caca-img_0993_box0_2.png,6
9dd2bb22-img_0910_box0_1.png,6
89beda13-img_1697_box0_9.png,6
338864b9-img_0455_box0_2.png,6
3ee3434a-img_1506_box0_9.png,6
cc6acb8b-img_0457_box0_10.png,6
3e0a066c-img_0792_box0_4.png,6
633a750e-img_0210_box0_9.png,6
e23828a1-img_1154_box0_9.png,6
7dc63307-img_0641_box0_1.png,6
4b14a232-img_1902_box0_8.png,6
f567628d-img_1148_box0_9.png,6
586ccd35-img_1984_box0_10.png,6
33980730-img_0854_box0_4.png,6
af9d9c56-img_1692_box0_2.png,6
f0561c12-img_1819_box0_10.png,6
6370d121-img_0723_box0_9.png,6
4f1c7f74-img_1653_box0_2.png,6
21f2dd18-img_0732_box0_10.png,6
63bb91df-img_1552_box0_2.png,6
682ddd99-img_0212_box0_4.png,6
d6874f97-img_0835_box0_2.png,6
2c761ac8-img_1174_box0_10.png,6
ca487165-img_0263_box0_4.png,6
571fcb1f-img_1844_box0_1.png,6
1504f4bd-img_1040_box0_3.png,6
6919bf05-img_1231_box0_0.png,6
d520f5c7-img_1177_box0_10.png,6
70e6c677-img_0224_box0_4.png,6
be6a3dc0-img_0672_box0_4.png,6
3ffcaaac-img_1001_box0_4.png,6
9bdd69c8-img_1446_box0_2.png,6
6b9d47bc-img_1089_box0_10.png,6
9bdfb664-img_1619_box0_9.png,6
97959f39-img_1161_box0_9.png,6
6bede902-img_0741_box0_10.png,6
d25cb498-img_1038_box0_10.png,6
68c1fc98-img_0448_box0_10.png,6
b0b29a7b-img_1191_box0_10.png,6
7dc63307-img_0641_box0_9.png,6
06d3f338-img_0862_box0_9.png,6
e63c4000-img_1109_box0_10.png,6
3e89662b-img_1937_box0_4.png,6
6007861f-img_0746_box0_3.png,6
ace366f3-img_0996_box0_5.png,6
bd035dfc-img_0744_box0_4.png,6
6919bf05-img_1231_box0_9.png,6
42098075-img_1861_box0_9.png,6
948103c9-img_1707_box0_9.png,6
612dd052-img_1753_box0_10.png,6
97fe358a-img_0415_box0_5.png,6
3bf1454b-img_0458_box0_10.png,6
89f90b44-img_0852_box0_10.png,6
af27d531-img_0716_box0_10.png,6
755e0003-img_0295_box0_5.png,6
e138badb-img_1536_box0_1.png,6
73c9791b-img_1117_box0_2.png,6
87347de1-img_1344_box0_10.png,6
3198cd32-img_0479_box0_10.png,6
2ac2b9a2-img_0502_box0_10.png,6
f9e69fc9-img_1715_box0_10.png,6
237f7aca-img_0713_box0_10.png,6
5ab22cf3-img_1934_box0_9.png,6
9ddf6c7e-img_1837_box0_4.png,6
e36c625f-img_0528_box0_5.png,6
9b0b0a6e-img_0648_box0_10.png,6
05116ae9-img_1047_box0_1.png,6
6e7fdc2d-img_0760_box0_10.png,6
aa1aa9c6-img_0334_box0_5.png,6
21a882b1-img_1091_box0_10.png,6
64a8284e-img_1478_box0_10.png,6
fd131c29-img_1952_box0_10.png,6
a0e7bd45-img_1295_box0_1.png,6
6f1e8db2-img_1929_box0_1.png,6
36b268c7-img_0880_box0_10.png,6
1371ce8e-img_0469_box0_1.png,6
258946db-img_1046_box0_10.png,6
3ca5c487-img_0635_box0_5.png,6
04471b24-img_1284_box0_7.png,6
66cc072b-img_0209_box0_10.png,6
93908e5a-img_1013_box0_10.png,6
18e56b2e-img_1669_box0_8.png,6
25e16f4b-img_0596_box0_5.png,6
932b0787-img_1365_box0_10.png,6
1488b24f-img_0059_box0_3.png,6
3648d383-img_0637_box0_10.png,6
e25080c3-img_1178_box0_10.png,6
385cb822-img_1276_box0_1.png,6
2b4c13f1-img_1924_box0_9.png,6
4f294e6b-img_1764_box0_4.png,6
b2e06da7-img_1904_box0_10.png,6
ef12392f-img_1742_box0_10.png,6
365c5920-img_1193_box1_3.png,6
577ba18a-img_0598_box0_5.png,6
b681b5e8-img_0800_box0_1.png,6
db2ed460-img_0968_box0_2.png,6
32576090-img_1247_box0_1.png,6
369e447a-img_1152_box0_10.png,6
424b1cb2-img_0919_box0_2.png,6
60a18a34-img_1162_box0_9.png,6
590a24e5-img_0219_box0_8.png,6
06eb6e31-img_1737_box0_10.png,6
dad7dc44-img_1442_box0_10.png,6
3f404553-img_0812_box0_8.png,6
6e7fdc2d-img_0760_box0_8.png,6
767e5ebd-img_1352_box0_9.png,6
72ff7535-img_1291_box0_4.png,6
437d0a12-img_1307_box0_2.png,6
2682d113-img_0802_box0_4.png,6
f04cdf4d-img_0786_box0_9.png,6
ef64aa05-img_1698_box0_1.png,6
f02894ae-img_0184_box4_9.png,6
8957d4c4-img_1725_box0_10.png,6
db2ed460-img_0968_box0_9.png,6
c5ea56f8-img_1654_box0_10.png,6
fade15a3-img_0853_box0_1.png,6
ac635faa-img_0414_box0_4.png,6
dda20edc-img_0965_box0_10.png,6
64a8284e-img_1478_box0_3.png,6
91713c09-img_1509_box0_2.png,6
d87ed836-img_0830_box0_8.png,6
16614c5a-img_1251_box0_10.png,6
644de478-img_1763_box0_4.png,6
60732a63-img_0450_box0_10.png,6
3f404553-img_0812_box0_1.png,6
c1febc46-img_1596_box0_9.png,6
06d670fa-img_1468_box0_9.png,6
bb7793ed-img_0460_box0_10.png,6
cbe8b14e-img_0893_box0_10.png,6
b3cff1dc-img_1301_box0_10.png,6
eb5c13d1-img_0610_box0_10.png,6
653ba2d2-img_0634_box0_8.png,6
e8b333ae-img_1155_box1_10.png,6
43b827f8-img_1325_box0_7.png,6
aae9475c-img_0751_box0_3.png,6
e5219d7d-img_1485_box0_9.png,6
3ca5c487-img_0635_box0_1.png,6
5ef74347-img_1359_box0_1.png,6
e23828a1-img_1154_box0_1.png,6
be0122f8-img_0818_box0_10.png,6
02f2b39a-img_1876_box0_2.png,6
767e5ebd-img_1352_box0_3.png,6
349d9f9e-img_0419_box0_9.png,6
644de478-img_1763_box0_2.png,6
112b9879-img_0863_box0_10.png,6
d3a084d6-img_0318_box0_1.png,6
ace366f3-img_0996_box0_10.png,6
c59f0adc-img_1652_box0_3.png,6
572a4605-img_1906_box0_10.png,6
faf2e889-img_1839_box0_9.png,6
d08e8058-img_0556_box0_9.png,6
377cc48c-img_1882_box0_2.png,6
55a2acb2-img_0743_box0_4.png,6
c4a8928d-img_0252_box0_9.png,6
d87ed836-img_0830_box0_10.png,6
584e1a00-img_1279_box0_10.png,6
305db3fd-img_1525_box0_10.png,6
616f0fe2-img_1951_box0_10.png,6
a00e4cec-img_1799_box0_3.png,6
aadd87cc-img_1035_box0_1.png,6
537737a4-img_0942_box0_3.png,6
200ba5d6-img_1656_box0_10.png,6
540f4487-img_1058_box0_2.png,6
23f48210-img_0774_box0_2.png,6
e27d3f16-img_1770_box0_5.png,6
f15189af-img_0768_box0_4.png,6
91d2a0f2-img_1977_box0_1.png,6
26b57e42-img_0057_box0_8.png,6
646a04cf-img_1311_box0_3.png,6
537737a4-img_0942_box0_10.png,6
2c3f9c4c-img_0783_box0_10.png,6
96987f1b-img_1106_box0_10.png,6
06d670fa-img_1468_box0_4.png,6
297d1ac3-img_1779_box0_7.png,6
69d869db-img_1767_box0_2.png,6
1842a9e5-img_0780_box0_1.png,6
2682d113-img_0802_box0_0.png,6
dd647a7a-img_1745_box0_3.png,6
a85ac013-img_1936_box0_3.png,6
77f6a3a9-img_1214_box0_9.png,6
87492f67-img_0211_box0_10.png,6
d9a527be-img_0952_box0_9.png,6
b3cff1dc-img_1301_box0_2.png,6
932b0787-img_1365_box0_4.png,6
57bb976e-img_0340_box0_8.png,6
a8cf3776-img_1869_box0_9.png,6
fbf737e2-img_0205_box0_9.png,6
414d4a46-img_0496_box0_10.png,6
cbe8b14e-img_0893_box0_3.png,6
86bd18b7-img_0684_box0_3.png,6
f02894ae-img_0184_box0_9.png,6
c3db92fd-img_1568_box0_2.png,6
3db69cc9-img_0499_box0_10.png,6
9dec9dea-img_1172_box0_4.png,6
2d70b6cd-img_0811_box0_10.png,6
86bd18b7-img_0684_box0_10.png,6
c5b1fcb9-img_1149_box1_10.png,6
39a4586f-img_1298_box0_1.png,6
c98548a6-img_0567_box0_10.png,6
c2c9ebed-img_1096_box0_10.png,6
3e0a066c-img_0792_box0_9.png,6
59b3ffe0-img_1168_box0_9.png,6
57d16ad1-img_0533_box0_10.png,6
dda20edc-img_0965_box0_5.png,6
fcd1d8c9-img_0195_box0_8.png,6
d23e1010-img_0330_box0_8.png,6
598ac237-img_1031_box0_10.png,6
b721326d-img_1554_box0_10.png,6
621bd08c-img_1927_box0_10.png,6
98337ccc-img_1502_box0_7.png,6
ead7fa43-img_1405_box0_3.png,6
d40ffe11-img_1694_box0_10.png,6
d5ced8a0-img_1320_box0_1.png,6
914c216d-img_1748_box0_8.png,6
7a44796f-img_0023_box0_10.png,6
f29226a4-img_0778_box0_5.png,6
2da38d94-img_0755_box0_10.png,6
e27d3f16-img_1770_box0_10.png,6
86df16f8-img_1971_box0_2.png,6
3c6769f5-img_1165_box0_9.png,6
e5219d7d-img_1485_box1_10.png,6
d402f182-img_1293_box0_10.png,6
fc8a0cdd-img_0807_box0_1.png,6
3d83aa43-img_0576_box0_4.png,6
27da74d0-img_1531_box0_7.png,6
6bede902-img_0741_box0_2.png,6
02677cc9-img_1416_box0_3.png,6
33980730-img_0854_box0_1.png,6
369e447a-img_1152_box1_10.png,6
2ecf3840-img_1807_box0_7.png,6
92a94fb0-img_1944_box0_1.png,6
f4e694e9-img_1559_box0_10.png,6
794174ca-img_0175_box0_5.png,6
e20be7c6-img_1822_box0_10.png,6
2d70b6cd-img_0811_box0_1.png,6
f15b0633-img_0645_box0_1.png,6
282197c8-img_1140_box0_10.png,6
df91fe09-img_0541_box0_10.png,6
f02894ae-img_0184_box2_9.png,6
e0ab5309-img_0416_box0_5.png,6
84d25591-img_1005_box0_1.png,6
5bb8f278-img_0462_box0_4.png,6
5582dd2f-img_1834_box0_3.png,6
6824c37b-img_1144_box0_10.png,6
09286b8a-img_0962_box0_10.png,6
ef555e1e-img_1664_box0_4.png,6
f2c92235-img_1377_box0_3.png,6
587a6a75-img_1523_box0_2.png,6
3d98c973-img_1585_box0_1.png,6
653ba2d2-img_0634_box0_10.png,6
bca2512c-img_0267_box0_2.png,6
a7db40dd-img_1131_box0_10.png,6
494b7939-img_1469_box0_2.png,6
8d2d3cc0-img_0720_box0_10.png,6
e9c55cd6-img_1870_box0_10.png,6
61e672ad-img_0508_box0_8.png,6
f567628d-img_1148_box1_10.png,6
349d9f9e-img_0419_box0_4.png,6
55510a85-img_1358_box0_10.png,6
377cc48c-img_1882_box0_9.png,6
fc3d9c1f-img_1195_box0_10.png,6
aae9475c-img_0751_box0_1.png,6
60295325-img_0839_box0_10.png,6
6b7cc309-img_1603_box0_2.png,6
b4a75b9b-img_1665_box0_8.png,6
ed5ba531-img_1611_box0_9.png,6
bd1a6bf8-img_1200_box0_10.png,6
846eca0b-img_0446_box0_1.png,6
a7b1749d-img_1371_box0_10.png,6
116c4e82-img_1505_box0_2.png,6
d5269fab-img_0521_box0_7.png,6
96987f1b-img_1106_box0_4.png,6
448d752a-img_1840_box0_2.png,6
9022af87-img_1696_box0_7.png,6
bc6e16f5-img_0860_box0_2.png,6
68c1fc98-img_0448_box0_3.png,6
15a346ce-img_0536_box0_10.png,6
2c761ac8-img_1174_box0_3.png,6
70dd8b06-img_0445_box0_4.png,6
b3ba44bc-img_1380_box0_9.png,6
18d55fd4-img_0489_box0_10.png,6
6c011b54-img_1143_box0_10.png,6
c1b2d5bd-img_1947_box0_9.png,6
919a6305-img_0575_box0_10.png,6
2e945c41-img_1112_box0_10.png,6
2e11f320-img_0461_box0_10.png,6
9c6b11d4-img_1066_box0_2.png,6
d3bc9b15-img_0167_box0_3.png,7
f8165b79-img_1481_box0_3.png,7
a7ce99b8-img_1842_box0_5.png,7
e3c3f37f-img_1045_box0_7.png,7
ecc53255-img_0427_box0_4.png,7
d20ced95-img_1699_box0_2.png,7
77f6a3a9-img_1214_box0_7.png,7
1de819b3-img_0636_box0_1.png,7
d6e84e6d-img_0586_box0_2.png,7
f6020054-img_0698_box0_2.png,7
f0561c12-img_1819_box0_4.png,7
a5d4455f-img_0714_box0_3.png,7
afc45737-img_0411_box0_4.png,7
948103c9-img_1707_box0_1.png,7
da561f1e-img_1014_box0_9.png,7
001f325e-img_1366_box0_2.png,7
3f0246b4-img_1558_box0_2.png,7
69d869db-img_1767_box0_5.png,7
365c5920-img_1193_box0_3.png,7
39a4586f-img_1298_box0_4.png,7
3e860314-img_2019_box0_7.png,7
da26ae27-img_1590_box0_2.png,7
8d2d3cc0-img_0720_box0_1.png,7
955b1af1-img_1772_box0_2.png,7
36167f4b-img_0715_box0_3.png,7
1cbb9fcd-img_1184_box0_8.png,7
6ede9680-img_1041_box0_7.png,7
66e051be-img_1964_box0_2.png,7
47049b32-img_1337_box0_3.png,7
f02894ae-img_0184_box3_1.png,7
3ffcaaac-img_1001_box0_2.png,7
38d61ace-img_0477_box0_1.png,7
43f071c1-img_1942_box0_3.png,7
87b66a1c-img_0385_box0_4.png,7
33980730-img_0854_box0_9.png,7
2a6071ee-img_0838_box0_1.png,7
483f7954-img_1423_box0_4.png,7
4fdcf2ed-img_0986_box0_3.png,7
0fe83df9-img_1672_box0_2.png,7
a85ac013-img_1936_box0_4.png,7
bb4c326f-img_0027_box0_2.png,7
fba5cc31-img_1069_box0_1.png,7
9808329b-img_1064_box0_2.png,7
f958876e-img_1471_box0_4.png,7
28d134f6-img_1492_box0_1.png,7
6f1e8db2-img_1929_box0_4.png,7
15a02388-img_1722_box0_9.png,7
3297cfb7-img_0827_box0_5.png,7
12e7b1de-img_0781_box0_4.png,7
a0ab7fac-img_0673_box0_4.png,7
45783b62-img_0649_box0_1.png,7
07d8eb18-img_0796_box0_2.png,7
a0e7bd45-img_1295_box0_3.png,7
92a94fb0-img_1944_box0_7.png,7
39a4586f-img_1298_box0_3.png,7
7b5d1fa6-img_1941_box0_8.png,7
13326d65-img_0927_box0_7.png,7
6b9435f6-img_1566_box0_4.png,7
cdb3737c-img_1056_box0_5.png,7
23f48210-img_0774_box0_4.png,7
56169b21-img_0841_box0_1.png,7
939230e6-img_1302_box0_1.png,7
33980730-img_0854_box0_2.png,7
1af93088-img_1597_box0_4.png,7
e548446b-img_1490_box0_4.png,7
d402f182-img_1293_box0_2.png,7
c12e75d5-img_1054_box0_2.png,7
0367cfeb-img_1000_box0_4.png,7
e802f037-img_1209_box0_2.png,7
3297cfb7-img_0827_box0_1.png,7
261169ae-img_0294_box0_4.png,7
6c386017-img_0711_box0_2.png,7
9dd2bb22-img_0910_box0_4.png,7
d87ed836-img_0830_box0_1.png,7
e6cf3ed9-img_0690_box0_1.png,7
4a060be3-img_1998_box0_3.png,7
9b24ad51-img_1137_box0_5.png,7
71c746ca-img_1809_box0_3.png,7
c8092e87-img_1624_box0_1.png,7
1488b24f-img_0059_box0_2.png,7
e2a8127d-img_1075_box0_1.png,7
16614c5a-img_1251_box0_8.png,7
8a96aa5e-img_1017_box0_1.png,7
3271b6c5-img_1879_box0_7.png,7
a718a448-img_1508_box0_7.png,7
39343bc7-img_1268_box0_4.png,7
914c216d-img_1748_box0_1.png,7
e9b56ecc-img_0253_box0_3.png,7
c9897947-img_0808_box0_3.png,7
47100a44-img_0925_box0_7.png,7
e5c756a0-img_0200_box0_9.png,7
57439959-img_1326_box0_1.png,7
b3cb6391-img_0909_box0_1.png,7
96987f1b-img_1106_box0_8.png,7
1842a9e5-img_0780_box0_2.png,7
dd647a7a-img_1745_box0_4.png,7
dfffb005-img_1003_box0_4.png,7
1d24250a-img_0495_box0_3.png,7
cd8ec4b3-img_1101_box2_2.png,7
f02894ae-img_0184_box5_1.png,7
571785bc-img_1378_box0_4.png,7
eff2d37d-img_0525_box0_5.png,7
e733638a-img_1235_box0_4.png,7
db2ed460-img_0968_box0_1.png,7
09508290-img_0048_box0_4.png,7
24d9f3a1-img_0795_box0_3.png,7
47100a44-img_0925_box0_1.png,7
d9f4ed38-img_0423_box0_7.png,7
aae9475c-img_0751_box0_2.png,7
dee64040-img_0464_box0_1.png,7
6685a87b-img_0410_box0_4.png,7
e5009a40-img_1258_box0_4.png,7
73c9791b-img_1117_box0_3.png,7
234086ae-img_0922_box0_4.png,7
e5016549-img_1693_box0_3.png,7
11b1d9e4-img_1884_box0_3.png,7
ccb9a03c-img_0199_box1_2.png,7
23f97d45-img_0763_box0_1.png,7
5c24e33e-img_1169_box0_1.png,7
67bf4fb7-img_1618_box0_4.png,7
baac19c8-img_1612_box0_6.png,7
acc44457-img_1019_box0_2.png,7
36167f4b-img_0715_box0_7.png,7
1d0dd8bd-img_1916_box0_9.png,7
2490a4dd-img_0583_box0_8.png,7
3d3caad9-img_1354_box0_3.png,7
ef12392f-img_1742_box0_4.png,7
cffab8b6-img_1033_box0_4.png,7
586ccd35-img_1984_box0_2.png,7
a0e7bd45-img_1295_box0_4.png,7
cbe95ea2-img_0274_box0_3.png,7
116c4e82-img_1505_box0_3.png,7
a8c04611-img_1591_box0_1.png,7
1842a9e5-img_0780_box0_5.png,7
3524ad90-img_0540_box0_7.png,7
cc6acb8b-img_0457_box0_8.png,7
e548446b-img_1490_box0_2.png,7
64a8284e-img_1478_box0_4.png,7
448d752a-img_1840_box0_4.png,7
64aea6e5-img_0505_box0_3.png,7
981d5300-img_1043_box0_1.png,7
cbb2c3e1-img_1130_box0_8.png,7
018e2168-img_1121_box0_3.png,7
2f6045e7-img_1731_box0_7.png,7
2db5f6fe-img_1100_box1_2.png,7
1604dd3f-img_1557_box0_1.png,7
fd131c29-img_1952_box0_2.png,7
24d9f3a1-img_0795_box0_7.png,7
33dca718-img_1367_box0_2.png,7
744180c3-img_0785_box0_3.png,7
97959f39-img_1161_box0_0.png,7
afba3cdc-img_0466_box0_3.png,7
e69265f9-img_0906_box0_4.png,7
eb977267-img_0971_box0_1.png,7
d402f182-img_1293_box0_1.png,7
1a66acbe-img_1803_box0_4.png,7
3ad4de9f-img_1792_box0_4.png,7
ff2623c1-img_1332_box0_1.png,7
f982cd50-img_1933_box0_2.png,7
66b42407-img_0174_box0_2.png,7
11b1d9e4-img_1884_box0_4.png,7
f945150e-img_0946_box0_8.png,7
8e1fdf71-img_0661_box0_3.png,7
0924b9d7-img_0759_box0_2.png,7
3cfa767f-img_1463_box0_2.png,7
9c6b11d4-img_1066_box0_7.png,7
33dca718-img_1367_box0_3.png,7
97581435-img_1589_box0_3.png,7
bacd5d7a-img_1909_box0_7.png,7
4f2ad01c-img_0569_box0_1.png,7
f7de6363-img_1921_box0_3.png,7
5e37a86c-img_1218_box0_3.png,7
9f0f40e5-img_0025_box0_1.png,7
1de819b3-img_0636_box0_3.png,7
bb7d2bce-img_1769_box0_2.png,7
927c7d27-img_0396_box0_2.png,7
d368ddb0-img_0516_box0_7.png,7
12e7b1de-img_0781_box0_3.png,7
255e32c6-img_1382_box0_7.png,7
7e8723fb-img_0793_box0_9.png,7
7fe5912c-img_1519_box0_3.png,7
7d80d4e0-img_1780_box0_2.png,7
fbdf5027-img_0047_box0_3.png,7
3bf1454b-img_0458_box0_8.png,7
cc8f58bf-img_1914_box0_2.png,7
a8940af0-img_0433_box0_3.png,7
22d8acd4-img_1546_box0_4.png,7
c0cc499a-img_1126_box0_2.png,7
97959f39-img_1161_box1_2.png,7
1542ca87-img_1761_box0_2.png,7
7fe5912c-img_1519_box0_4.png,7
101bfd2a-img_0256_box0_5.png,7
50d6becf-img_0803_box0_4.png,7
cd120cc1-img_1070_box0_3.png,7
ac635faa-img_0414_box0_1.png,7
f467608e-img_0333_box0_3.png,7
45d0a74c-img_0809_box0_3.png,7
0109cd9d-img_0568_box0_4.png,7
af27d531-img_0716_box0_3.png,7
d52a6436-img_0500_box0_4.png,7
fbfcb085-img_1853_box0_7.png,7
da166122-img_1972_box0_2.png,7
3c8c65e1-img_1739_box0_4.png,7
43b827f8-img_1325_box0_2.png,7
0109cd9d-img_0568_box0_1.png,7
d52a6436-img_0500_box1_4.png,7
8a4f1dc1-img_1577_box0_3.png,7
cbb2c3e1-img_1130_box0_4.png,7
97581435-img_1589_box0_2.png,7
7f1feaba-img_0482_box0_4.png,7
df91fe09-img_0541_box0_8.png,7
4a060be3-img_1998_box0_2.png,7
590a24e5-img_0219_box0_2.png,7
167ad597-img_1905_box0_3.png,7
7fe82877-img_0900_box0_4.png,7
ebd9a8ca-img_1335_box0_8.png,7
d5ced8a0-img_1320_box0_9.png,7
9c59726f-img_1639_box0_1.png,7
95beea3d-img_1572_box0_7.png,7
4e124c6e-img_1353_box0_3.png,7
13682cb3-img_0399_box0_1.png,7
8e1fdf71-img_0661_box0_8.png,7
91108812-img_0488_box0_1.png,7
d4346481-img_1393_box0_1.png,7
57d91646-img_0116_box0_2.png,7
2c6d2e9e-img_1598_box0_1.png,7
c4a117dd-img_0520_box0_1.png,7
5ef74347-img_1359_box0_4.png,7
d80a73e4-img_0691_box0_8.png,7
338864b9-img_0455_box0_7.png,7
1371ce8e-img_0469_box0_0.png,7
644de478-img_1763_box0_5.png,7
095ff279-img_1831_box0_7.png,7
933ca0c0-img_1702_box0_4.png,7
89afe269-img_0911_box0_7.png,7
e77f7924-img_1459_box0_5.png,7
fdc71ffd-img_0317_box0_7.png,7
69d869db-img_1767_box0_8.png,7
8e4dca6b-img_1443_box0_2.png,7
12dc88b6-img_0297_box0_1.png,7
8e2047bf-img_0870_box0_7.png,7
6fea39c4-img_0475_box0_3.png,7
192739eb-img_0000_box0_8.png,7
9bd32f0d-img_1321_box0_2.png,7
abd01a62-img_1913_box0_5.png,7
f982cd50-img_1933_box0_3.png,7
349d9f9e-img_0419_box0_1.png,7
095ff279-img_1831_box0_3.png,7
2faf521b-img_1006_box0_1.png,7
6c060a1d-img_0438_box0_8.png,7
b83d3546-img_0558_box0_4.png,7
2098a8c7-img_0319_box0_4.png,7
e5c756a0-img_0200_box3_8.png,7
e138badb-img_1536_box0_3.png,7
e5c756a0-img_0200_box3_2.png,7
36167f4b-img_0715_box0_4.png,7
b681b5e8-img_0800_box0_3.png,7
9bdfb664-img_1619_box0_6.png,7
1ffa5e00-img_0687_box0_2.png,7
b3cb6391-img_0909_box0_2.png,7
ff2623c1-img_1332_box0_5.png,7
02e15a5b-img_1766_box0_9.png,7
6b46fa13-img_1430_box0_1.png,7
18f2e6f6-img_1873_box0_7.png,7
bd5449ec-img_1676_box0_2.png,7
e60040d8-img_1375_box0_7.png,7
653ba2d2-img_0634_box0_2.png,7
6085e8fd-img_0278_box0_5.png,7
413eba7e-img_0344_box0_4.png,7
2c3f9c4c-img_0783_box0_8.png,7
0847a7f8-img_0158_box0_4.png,7
3b3782de-img_1238_box0_1.png,7
038b5b85-img_1621_box0_3.png,7
c9ee0ccf-img_1283_box0_4.png,7
667363de-img_0776_box0_5.png,7
3683f30d-img_1383_box0_3.png,7
cdb3737c-img_1056_box0_1.png,7
bb625d57-img_1493_box0_4.png,7
03e098b7-img_1645_box0_1.png,7
32514bc2-img_1099_box0_3.png,7
3aa7b213-img_0381_box0_8.png,7
be4f5f7a-img_1718_box0_4.png,7
5f51d497-img_1044_box0_4.png,7
8d2d3cc0-img_0720_box0_8.png,7
9f83d658-img_1982_box0_3.png,7
43f071c1-img_1942_box0_4.png,7
a7da2905-img_0095_box0_3.png,7
1cbbbc5a-img_0976_box0_3.png,7
ace366f3-img_0996_box0_2.png,7
9ac76ae8-img_0794_box0_4.png,7
3d3caad9-img_1354_box0_2.png,7
9d97cfcd-img_1114_box0_1.png,7
3d83aa43-img_0576_box0_9.png,7
bcb65923-img_1068_box0_1.png,7
e95ed0d3-img_0369_box0_3.png,7
5912aea4-img_1545_box0_9.png,7
2e945c41-img_1112_box0_1.png,7
8050583b-img_0159_box0_5.png,7
e7e1a918-img_1541_box0_7.png,7
705fc31c-img_1457_box0_2.png,7
e9b56ecc-img_0253_box0_2.png,7
f567628d-img_1148_box1_4.png,7
3d83aa43-img_0576_box0_2.png,7
365c5920-img_1193_box2_3.png,7
cffab8b6-img_1033_box0_2.png,7
3ad4de9f-img_1792_box0_7.png,7
60dbfc27-img_0930_box0_3.png,7
5bb8e384-img_1547_box0_7.png,7
fc82e5cc-img_0255_box0_5.png,7
8688c2ca-img_1024_box0_4.png,7
e13a2f38-img_1392_box0_7.png,7
e9c55cd6-img_1870_box0_3.png,7
36267d9e-img_0229_box0_5.png,7
9dd6d61a-img_1220_box0_7.png,7
571785bc-img_1378_box0_2.png,7
f02894ae-img_0184_box2_3.png,7
f737ce72-img_1678_box0_4.png,7
d9a527be-img_0952_box0_1.png,7
96987f1b-img_1106_box0_5.png,7
da8d59cb-img_1059_box0_4.png,7
7a9f37ef-img_1467_box0_2.png,7
059a723f-img_1257_box0_2.png,7
8050583b-img_0159_box0_4.png,7
b721326d-img_1554_box0_8.png,7
6afdfda8-img_1437_box0_7.png,7
c1cb1fd6-img_0093_box0_3.png,7
f3b24e72-img_0501_box0_3.png,7
d723f3d8-img_1671_box0_2.png,7
d09e67ce-img_1455_box0_2.png,7
c85701a2-img_1583_box0_1.png,7
ccc6f9d7-img_0203_box0_1.png,7
97064826-img_0105_box0_1.png,7
cd8ec4b3-img_1101_box0_2.png,7
f9e69fc9-img_1715_box0_3.png,7
7fe5912c-img_1519_box0_2.png,7
a4be843b-img_0342_box0_4.png,7
fc82e5cc-img_0255_box0_2.png,7
001f325e-img_1366_box0_4.png,7
d4f70652-img_1107_box0_4.png,7
fc82e5cc-img_0255_box0_4.png,7
99311b49-img_1175_box1_8.png,7
a090df1e-img_1182_box0_4.png,7
bc6e16f5-img_0860_box0_3.png,7
43fde18a-img_0888_box0_1.png,7
519a8861-img_1381_box0_8.png,7
e574b0df-img_1242_box0_1.png,7
24282734-img_0788_box0_8.png,7
13cac3ee-img_1862_box0_2.png,7
c23850b7-img_1979_box0_1.png,7
9bd32f0d-img_1321_box0_3.png,7
2b57348c-img_1889_box0_5.png,7
43df91f5-img_0646_box0_1.png,7
12c845b4-img_0929_box0_2.png,7
99bb3d1b-img_0883_box0_3.png,7
5d025bf5-img_0597_box0_7.png,7
07cdf961-img_1894_box0_3.png,7
eb066ca8-img_1646_box0_4.png,7
bfda96ae-img_0117_box0_2.png,7
e802f037-img_1209_box0_1.png,7
646a04cf-img_1311_box0_1.png,7
da7d4eee-img_1488_box1_3.png,7
0847a7f8-img_0158_box0_5.png,7
635d5c5b-img_1187_box0_1.png,7
d09e67ce-img_1455_box0_1.png,7
d3a084d6-img_0318_box0_7.png,7
37daef2a-img_0484_box0_7.png,7
f29226a4-img_0778_box0_1.png,7
a7b1749d-img_1371_box0_5.png,7
b75b0d8c-img_1634_box0_3.png,7
f7de6363-img_1921_box0_4.png,7
c6813a00-img_1784_box0_7.png,7
d723f3d8-img_1671_box0_3.png,7
667363de-img_0776_box0_8.png,7
7a90166d-img_0689_box0_1.png,7
d2c4ee86-img_0497_box0_3.png,7
81f08df1-img_1885_box0_3.png,7
018e2168-img_1121_box1_5.png,7
39393121-img_0903_box0_3.png,7
964dbf97-img_1759_box0_3.png,7
a5f4a695-img_1642_box0_1.png,7
0fbfc127-img_1119_box3_5.png,7
4f294e6b-img_1764_box0_2.png,7
775c8208-img_1432_box0_8.png,7
f8641f3c-img_0071_box0_1.png,7
4e0a381f-img_1051_box0_2.png,7
19a962ef-img_1389_box0_7.png,7
33dca718-img_1367_box0_1.png,7
8f5cf493-img_0298_box0_1.png,7
d5ced8a0-img_1320_box0_2.png,7
92af34a1-img_0310_box0_5.png,7
5e37a86c-img_1218_box0_7.png,7
e5c756a0-img_0200_box0_3.png,7
8a4f1dc1-img_1577_box0_4.png,7
e9c55cd6-img_1870_box0_4.png,7
765fbe04-img_0984_box0_1.png,7
5bb8e384-img_1547_box0_2.png,7
4c7fad7f-img_1717_box0_3.png,7
f51bce8a-img_0348_box0_8.png,7
303df972-img_0611_box0_3.png,7
721d4248-img_1363_box0_7.png,7
bb8c64bb-img_1176_box0_2.png,7
a13f957e-img_1399_box0_2.png,7
4c77533e-img_0719_box0_4.png,7
c23cb101-img_1757_box0_8.png,7
587a6a75-img_1523_box0_3.png,7
3c6769f5-img_1165_box0_1.png,7
c4a117dd-img_0520_box0_7.png,7
b3ba44bc-img_1380_box0_0.png,7
bc6e16f5-img_0860_box0_4.png,7
987e6f25-img_0060_box0_2.png,7
b2a43547-img_0707_box0_1.png,7
5e37a86c-img_1218_box0_2.png,7
12213d8a-img_1915_box0_4.png,7
51665fa2-img_1777_box0_7.png,7
57c240f5-img_1852_box0_4.png,7
d09e67ce-img_1455_box0_3.png,7
1a3bb82c-img_1690_box0_3.png,7
7ff018bd-img_0891_box0_4.png,7
c12e75d5-img_1054_box0_7.png,7
101bfd2a-img_0256_box0_2.png,7
c953a3e5-img_0384_box0_4.png,7
35becfc0-img_0537_box0_1.png,7
bc711ef4-img_1649_box0_2.png,7
21a882b1-img_1091_box0_4.png,7
3f404553-img_0812_box0_4.png,7
1cbb9fcd-img_1184_box0_5.png,7
43b64976-img_1236_box0_1.png,7
57c240f5-img_1852_box0_3.png,7
829f55b6-img_0386_box0_8.png,7
e6b21c5c-img_1138_box0_2.png,7
8957d4c4-img_1725_box0_3.png,7
9243def7-img_1314_box0_1.png,7
5cca0e4d-img_1932_box0_7.png,7
12e7b1de-img_0781_box0_9.png,7
6729fe6e-img_0196_box0_4.png,7
d9278058-img_1103_box0_3.png,7
bd722347-img_1221_box0_7.png,7
32514bc2-img_1099_box0_5.png,7
f945150e-img_0946_box0_5.png,7
3aa7b213-img_0381_box0_5.png,7
a8d2edd5-img_1228_box0_2.png,7
34de0414-img_1385_box0_3.png,7
dee64040-img_0464_box0_5.png,7
282197c8-img_1140_box0_2.png,7
a9c45d3b-img_0061_box0_2.png,7
977ca2e2-img_0049_box0_4.png,7
020fa27c-img_1795_box0_9.png,7
fa6c9720-img_0300_box0_8.png,7
52ee12ff-img_1867_box0_0.png,7
67f622b5-img_1202_box0_4.png,7
3198cd32-img_0479_box0_4.png,7
0545fcfe-img_1318_box0_3.png,7
ccc6f9d7-img_0203_box1_3.png,7
b83d3546-img_0558_box0_1.png,7
799efa7f-img_1556_box0_1.png,7
f02894ae-img_0184_box6_4.png,7
69ce7e2c-img_0679_box0_1.png,7
3240cca1-img_1015_box0_2.png,7
a0ab7fac-img_0673_box0_2.png,7
fc837339-img_0630_box0_2.png,7
501db34c-img_1008_box0_3.png,7
9fd9fb07-img_0652_box0_7.png,7
2a27c6ff-img_1072_box0_7.png,7
101bfd2a-img_0256_box0_4.png,7
47c6599d-img_0677_box0_4.png,7
23f48210-img_0774_box0_3.png,7
a7db40dd-img_1131_box0_3.png,7
24282734-img_0788_box0_1.png,7
500abc6b-img_1754_box0_3.png,7
13b38b9d-img_1533_box0_7.png,7
dda0864d-img_1912_box0_4.png,7
51665fa2-img_1777_box0_2.png,7
e20370c5-img_2012_box0_2.png,7
98bebf82-img_1186_box0_8.png,7
2f6a8a40-img_1910_box0_4.png,7
4d3eaaa4-img_0810_box0_9.png,7
ed2a4138-img_0238_box0_8.png,7
455824b1-img_1860_box0_4.png,7
60a18a34-img_1162_box0_4.png,7
f0561c12-img_1819_box0_3.png,7
71bc56ef-img_1499_box0_7.png,7
58f63a69-img_1662_box0_4.png,7
72f2c700-img_1216_box0_1.png,7
644de478-img_1763_box0_8.png,7
a7b1749d-img_1371_box0_4.png,7
987e6f25-img_0060_box1_3.png,7
98bebf82-img_1186_box0_1.png,7
c9dd45a7-img_0201_box0_4.png,7
933ca0c0-img_1702_box0_1.png,7
97959f39-img_1161_box0_2.png,7
07cdf961-img_1894_box0_4.png,7
00f10794-img_1529_box0_2.png,7
ac635faa-img_0414_box0_7.png,7
414d4a46-img_0496_box0_4.png,7
295cc85f-img_0100_box0_7.png,7
dff2d15a-img_0293_box0_4.png,7
ecc53255-img_0427_box0_2.png,7
97fe358a-img_0415_box0_2.png,7
2f066a31-img_1735_box0_2.png,7
26edc013-img_0063_box0_2.png,7
c871c23b-img_0590_box0_4.png,7
fb322478-img_1341_box0_3.png,7
a32f4040-img_0357_box0_3.png,7
065a655b-img_1147_box0_4.png,7
6edb721e-img_0924_box0_4.png,7
92af34a1-img_0310_box0_3.png,7
15a02388-img_1722_box0_7.png,7
382896ac-img_1573_box0_1.png,7
f3efdd87-img_0215_box0_2.png,7
19a962ef-img_1389_box0_2.png,7
fc1c5905-img_1540_box0_2.png,7
775aa605-img_1579_box0_3.png,7
24d9f3a1-img_0795_box0_4.png,7
34de0414-img_1385_box0_2.png,7
fd94759a-img_1785_box0_1.png,7
f02894ae-img_0184_box5_3.png,7
cd8ec4b3-img_1101_box1_2.png,7
a8c66282-img_1608_box0_1.png,7
9c59726f-img_1639_box0_2.png,7
6919bf05-img_1231_box0_4.png,7
03fdf787-img_0301_box0_8.png,7
95beea3d-img_1572_box0_2.png,7
f8c88cb5-img_1849_box0_4.png,7
6afdfda8-img_1437_box0_2.png,7
7fabc0ac-img_0902_box0_5.png,7
a76d1cdc-img_1084_box0_1.png,7
5a05e975-img_1723_box0_8.png,7
c871c23b-img_0590_box0_1.png,7
a6af72e9-img_0820_box0_2.png,7
f848590b-img_2018_box0_7.png,7
667363de-img_0776_box0_3.png,8
7a410153-img_1890_box0_9.png,8
ba42e381-img_0913_box0_8.png,8
d838a04d-img_0452_box0_7.png,8
abd01a62-img_1913_box0_2.png,8
a6af72e9-img_0820_box0_4.png,8
652bcdd6-img_0736_box0_4.png,8
870c1cfc-img_1088_box0_4.png,8
d2103c36-img_0995_box0_3.png,8
32d13729-img_0696_box0_1.png,8
68c1fc98-img_0448_box0_5.png,8
afa8c421-img_1215_box0_2.png,8
e1fb6604-img_1643_box0_4.png,8
be9736f9-img_1454_box0_4.png,8
4e124c6e-img_1353_box0_9.png,8
7af0c0fc-img_1441_box0_2.png,8
c9e837cd-img_1640_box0_3.png,8
15b1e791-img_1537_box0_3.png,8
613c4beb-img_0331_box0_4.png,8
8d84e932-img_0884_box0_1.png,8
78b542fb-img_1600_box0_9.png,8
e81feee5-img_0844_box0_5.png,8
429d3c74-img_0552_box0_4.png,8
80eb66df-img_1474_box0_3.png,8
1cbbbc5a-img_0976_box0_9.png,8
6e8550a1-img_0265_box0_9.png,8
34ebe64f-img_1280_box0_3.png,8
23a62928-img_1057_box0_1.png,8
a38377dc-img_0449_box0_8.png,8
b675497c-img_1253_box0_9.png,8
290d88c8-img_0701_box0_8.png,8
fb84182b-img_1811_box0_1.png,8
dda0864d-img_1912_box0_5.png,8
cc9e0c53-img_1863_box0_5.png,8
7af0c0fc-img_1441_box0_4.png,8
c14f9972-img_0101_box0_4.png,8
a93015be-img_1265_box0_3.png,8
42c6f3bb-img_1859_box0_7.png,8
18f2e6f6-img_1873_box0_6.png,8
5af2db00-img_1115_box0_0.png,8
cc8f58bf-img_1914_box0_4.png,8
2621567a-img_1781_box0_5.png,8
5519dac1-img_1787_box0_5.png,8
f898df11-img_1595_box0_1.png,8
f69036e3-img_1387_box0_9.png,8
c11a5ac5-img_0268_box0_4.png,8
eb977267-img_0971_box0_2.png,8
9dd2bb22-img_0910_box0_2.png,8
dda16e82-img_1097_box0_3.png,8
e5219d7d-img_1485_box0_3.png,8
99311b49-img_1175_box1_1.png,8
a38377dc-img_0449_box0_4.png,8
e81feee5-img_0844_box0_3.png,8
e138badb-img_1536_box0_9.png,8
1be25fbc-img_1851_box0_1.png,8
2a2d00ae-img_0848_box0_1.png,8
2ee8ca7d-img_0821_box0_3.png,8
3aea4bfc-img_1224_box0_8.png,8
2a771bb8-img_1053_box0_3.png,8
612dd052-img_1753_box0_3.png,8
dba7b96a-img_0804_box0_8.png,8
b2cbca1e-img_0737_box0_2.png,8
6d72aa48-img_1310_box0_9.png,8
3cfa767f-img_1463_box0_4.png,8
98984714-img_0354_box0_3.png,8
261169ae-img_0294_box0_10.png,8
b381a3c2-img_0376_box0_3.png,8
e14dd10b-img_0740_box0_4.png,8
d09e67ce-img_1455_box0_9.png,8
dd647a7a-img_1745_box0_1.png,8
abf63d70-img_1880_box0_2.png,8
bff31831-img_0761_box0_1.png,8
17b64bd2-img_1848_box0_4.png,8
7d1bec9a-img_1946_box0_5.png,8
682ddd99-img_0212_box0_5.png,8
3f0246b4-img_1558_box0_4.png,8
390c4ce2-img_1838_box0_2.png,8
5cca0e4d-img_1932_box0_4.png,8
db6ba796-img_1338_box0_2.png,8
00f10794-img_1529_box0_7.png,8
d2b04a8d-img_1500_box0_1.png,8
01f11fb2-img_0362_box0_3.png,8
a9608204-img_1514_box0_9.png,8
15b1e791-img_1537_box0_7.png,8
9320835b-img_1888_box0_7.png,8
6085e8fd-img_0278_box0_3.png,8
f51bce8a-img_0348_box0_2.png,8
5af2db00-img_1115_box0_2.png,8
1a804c76-img_0823_box0_4.png,8
6ef73072-img_1245_box0_7.png,8
32576090-img_1247_box0_7.png,8
5670644d-img_0548_box0_3.png,8
64aea6e5-img_0505_box0_7.png,8
015b4497-img_1232_box0_3.png,8
0ee8a8ea-img_1726_box0_4.png,8
87347de1-img_1344_box0_2.png,8
9b24ad51-img_1137_box0_9.png,8
6a038a02-img_0594_box0_3.png,8
3b503822-img_1355_box0_9.png,8
cc56b5bb-img_1724_box0_6.png,8
75fe5736-img_1390_box0_2.png,8
8cc109b8-img_0130_box0_4.png,8
015b4497-img_1232_box0_9.png,8
7a6aa284-img_0544_box0_8.png,8
3b9acab9-img_0483_box0_5.png,8
da561f1e-img_1014_box0_6.png,8
fc1c5905-img_1540_box0_4.png,8
68c1fc98-img_0448_box0_4.png,8
473c222f-img_1903_box0_3.png,8
9b24ad51-img_1137_box0_2.png,8
dff2d15a-img_0293_box0_10.png,8
a0ba300e-img_0471_box0_1.png,8
24282734-img_0788_box0_3.png,8
6745665f-img_1477_box0_2.png,8
7d929773-img_0670_box0_3.png,8
1371ce8e-img_0469_box0_2.png,8
d3142344-img_1617_box0_4.png,8
303df972-img_0611_box0_1.png,8
afba3cdc-img_0466_box0_2.png,8
494b7939-img_1469_box0_3.png,8
127826dc-img_1565_box0_2.png,8
cb68fb22-img_1510_box0_7.png,8
7d5d354b-img_1379_box0_1.png,8
a38377dc-img_0449_box0_1.png,8
67f233d8-img_0453_box0_4.png,8
612dd052-img_1753_box0_8.png,8
cd8ec4b3-img_1101_box2_1.png,8
365c5920-img_1193_box0_4.png,8
a9f6fb7b-img_1042_box0_4.png,8
b523d116-img_1790_box0_9.png,8
652bcdd6-img_0736_box0_2.png,8
96aea525-img_1805_box0_9.png,8
8e158583-img_1695_box0_4.png,8
7c1920bb-img_0527_box0_2.png,8
1e4f62a1-img_1435_box0_2.png,8
501db34c-img_1008_box0_1.png,8
fa7a03ea-img_0353_box0_3.png,8
43a7ed1e-img_1740_box0_1.png,8
c11a5ac5-img_0268_box0_5.png,8
2e6a0ca2-img_1515_box0_9.png,8
019d6391-img_1943_box0_2.png,8
4ea01b0c-img_1674_box0_1.png,8
4400c7c6-img_1609_box0_9.png,8
4b081b19-img_1923_box0_4.png,8
7ff018bd-img_0891_box0_1.png,8
977ca2e2-img_0049_box0_3.png,8
64107997-img_1153_box0_6.png,8
bcbc4e25-img_1843_box0_4.png,8
e1fb6604-img_1643_box0_9.png,8
7d929773-img_0670_box0_7.png,8
96f0cf6a-img_0204_box0_2.png,8
db43b18d-img_1970_box0_2.png,8
cdb3737c-img_1056_box0_4.png,8
24d9f3a1-img_0795_box0_1.png,8
13cac3ee-img_1862_box0_4.png,8
d6874f97-img_0835_box0_4.png,8
f0561c12-img_1819_box0_8.png,8
57c240f5-img_1852_box0_5.png,8
52ee12ff-img_1867_box0_7.png,8
cd8ec4b3-img_1101_box1_1.png,8
c5247e8a-img_0626_box0_2.png,8
7819899c-img_1716_box0_1.png,8
8ceaaf71-img_0926_box0_2.png,8
d80a73e4-img_0691_box0_5.png,8
948103c9-img_1707_box0_6.png,8
6ec94338-img_1601_box0_4.png,8
980d4c98-img_0729_box0_3.png,8
202567a0-img_0029_box0_5.png,8
b99c28af-img_1957_box0_7.png,8
95beea3d-img_1572_box0_4.png,8
7cb1ed16-img_0897_box0_5.png,8
f6b1e361-img_1260_box0_7.png,8
cc6acb8b-img_0457_box0_1.png,8
f8c88cb5-img_1849_box0_5.png,8
767e5ebd-img_1352_box0_6.png,8
da780b77-img_0997_box0_3.png,8
455824b1-img_1860_box0_1.png,8
4e0a381f-img_1051_box0_7.png,8
13f0bd26-img_0338_box0_7.png,8
2d70b6cd-img_0811_box0_3.png,8
237f7aca-img_0713_box0_8.png,8
a6af72e9-img_0820_box0_3.png,8
4ea01b0c-img_1674_box0_2.png,8
775c8208-img_1432_box0_3.png,8
64107997-img_1153_box0_1.png,8
23f48210-img_0774_box0_7.png,8
d346ae52-img_1762_box0_8.png,8
0ea29b74-img_1704_box0_3.png,8
1da10b10-img_0325_box0_10.png,8
8ceaaf71-img_0926_box0_4.png,8
9abe48dd-img_1444_box0_3.png,8
302743e9-img_1660_box0_9.png,8
20de06e8-img_0669_box0_4.png,8
2faa7c78-img_1550_box0_2.png,8
1692da6c-img_1356_box0_1.png,8
e9c55cd6-img_1870_box0_5.png,8
a93015be-img_1265_box0_4.png,8
c1de7f6f-img_1578_box0_1.png,8
20fd151b-img_1319_box0_9.png,8
e5219d7d-img_1485_box0_7.png,8
7819899c-img_1716_box0_4.png,8
a7ce99b8-img_1842_box0_3.png,8
7d80d4e0-img_1780_box0_9.png,8
df91fe09-img_0541_box0_4.png,8
a0916289-img_1386_box0_3.png,8
60f05283-img_1246_box0_9.png,8
a13f957e-img_1399_box0_3.png,8
132c4098-img_0914_box0_3.png,8
0fbfc127-img_1119_box1_1.png,8
5f51d497-img_1044_box0_3.png,8
05301ccf-img_0513_box0_1.png,8
0f2fc44c-img_1419_box0_9.png,8
ba80bc20-img_1237_box0_1.png,8
6ec94338-img_1601_box0_7.png,8
a543505a-img_1183_box0_9.png,8
e8b333ae-img_1155_box1_8.png,8
e7e1a918-img_1541_box0_1.png,8
065a655b-img_1147_box0_3.png,8
c7c0f7e5-img_1526_box0_1.png,8
8a7c8605-img_0875_box0_1.png,8
2ecf3840-img_1807_box0_6.png,8
bb7e8f43-img_0236_box0_4.png,8
c9ee0ccf-img_1283_box0_1.png,8
1776f483-img_1322_box0_1.png,8
9e9c048e-img_1793_box0_3.png,8
45d0a74c-img_0809_box0_9.png,8
1a66acbe-img_1803_box0_2.png,8
efa7f1b3-img_1562_box0_1.png,8
d9f4ed38-img_0423_box0_3.png,8
f2c92235-img_1377_box0_6.png,8
e04764cf-img_1815_box0_3.png,8
b44a1413-img_0639_box0_4.png,8
04471b24-img_1284_box0_3.png,8
11b1ebf0-img_1542_box0_8.png,8
39393121-img_0903_box0_1.png,8
2a2d00ae-img_0848_box0_3.png,8
1ee9fece-img_1530_box0_2.png,8
eb2ab965-img_1018_box0_2.png,8
5d878059-img_1262_box0_9.png,8
f7ea7b75-img_1342_box0_9.png,8
33dca718-img_1367_box0_9.png,8
ba80bc20-img_1237_box0_9.png,8
3d98c973-img_1585_box0_3.png,8
7628777a-img_1627_box0_3.png,8
fe975dc7-img_0580_box0_3.png,8
c7db387b-img_0790_box0_1.png,8
64107997-img_1153_box0_4.png,8
6d72aa48-img_1310_box0_2.png,8
b9959b90-img_1203_box0_4.png,8
e57dc4ba-img_0983_box0_3.png,8
bca2512c-img_0267_box0_4.png,8
d2c4ee86-img_0497_box0_7.png,8
9ac2e949-img_0504_box0_8.png,8
cb68fb22-img_1510_box0_1.png,8
980d4c98-img_0729_box0_7.png,8
be7ffc3a-img_1210_box0_7.png,8
fb322478-img_1341_box0_7.png,8
fc8a0cdd-img_0807_box0_2.png,8
45d0a74c-img_0809_box0_2.png,8
7d1bec9a-img_1946_box0_2.png,8
8d573084-img_0651_box0_7.png,8
019d6391-img_1943_box0_9.png,8
413edd57-img_1436_box0_5.png,8
27554478-img_1899_box0_5.png,8
d2459e13-img_0470_box0_4.png,8
d87ed836-img_0830_box0_4.png,8
4e0a381f-img_1051_box0_4.png,8
11b1ebf0-img_1542_box0_2.png,8
4f294e6b-img_1764_box0_9.png,8
d19c372f-img_0291_box0_3.png,8
bca2512c-img_0267_box0_5.png,8
5e687f25-img_1287_box0_9.png,8
7512c1ef-img_1588_box0_3.png,8
58b6cf3f-img_0090_box0_1.png,8
2b4c9ac7-img_1160_box0_2.png,8
c8e5882e-img_1845_box0_4.png,8
b681b5e8-img_0800_box0_2.png,8
7fe5912c-img_1519_box0_1.png,8
fbdf5027-img_0047_box0_1.png,8
bd5449ec-img_1676_box0_4.png,8
5c29686c-img_1935_box0_4.png,8
1327d650-img_0840_box0_3.png,8
9baf0d8c-img_1538_box0_3.png,8
93908e5a-img_1013_box0_3.png,8
53b76076-img_0625_box0_1.png,8
b566e907-img_1071_box0_3.png,8
29905c6b-img_0836_box0_6.png,8
dc000f60-img_0292_box0_3.png,8
2a771bb8-img_1053_box0_5.png,8
8d2d3cc0-img_0720_box0_4.png,8
53b76076-img_0625_box0_4.png,8
5cca0e4d-img_1932_box0_9.png,8
c091f53a-img_1124_box0_7.png,8
9022af87-img_1696_box0_1.png,8
ed5ba531-img_1611_box0_3.png,8
c9e84dbd-img_1836_box0_6.png,8
31ce28f7-img_1349_box0_9.png,8
e2b6b788-img_1858_box0_8.png,8
8c17714f-img_1078_box0_5.png,8
644de478-img_1763_box0_1.png,8
f8165b79-img_1481_box0_9.png,8
60a18a34-img_1162_box1_4.png,8
0545fcfe-img_1318_box0_7.png,8
7c5f1f0d-img_0302_box0_3.png,8
705fc31c-img_1457_box0_3.png,8
8a426f9f-img_1029_box0_1.png,8
02055fb1-img_1788_box0_3.png,8
75fe5736-img_1390_box0_7.png,8
e20be7c6-img_1822_box0_3.png,8
e1fb6604-img_1643_box0_1.png,8
78b542fb-img_1600_box0_2.png,8
24282734-img_0788_box0_4.png,8
bc05f4bf-img_1743_box0_1.png,8
324bd33e-img_0874_box0_4.png,8
7e8723fb-img_0793_box0_6.png,8
ef555e1e-img_1664_box0_9.png,8
bd4667b1-img_1179_box0_3.png,8
3f404553-img_0812_box0_2.png,8
be4f5f7a-img_1718_box0_3.png,8
a93a0316-img_1675_box0_8.png,8
424b1cb2-img_0919_box0_4.png,8
da7d4eee-img_1488_box1_1.png,8
51665fa2-img_1777_box0_9.png,8
2a8a03ed-img_1116_box0_7.png,8
8688c2ca-img_1024_box0_3.png,8
16624812-img_1434_box0_4.png,8
c9e84dbd-img_1836_box0_9.png,8
540f4487-img_1058_box0_1.png,8
39343bc7-img_1268_box0_7.png,8
f59c0567-img_0442_box0_7.png,8
78289c4f-img_1925_box0_4.png,8
d175b633-img_0694_box0_1.png,8
551249c0-img_0764_box0_7.png,8
9103eff0-img_1883_box0_1.png,8
79d8470d-img_1037_box0_7.png,8
9022af87-img_1696_box0_4.png,8
53b76076-img_0625_box0_3.png,8
6e7fdc2d-img_0760_box0_3.png,8
1504f4bd-img_1040_box0_5.png,8
07cdf961-img_1894_box0_5.png,8
5ab22cf3-img_1934_box0_7.png,8
357c35fd-img_0704_box0_4.png,8
34ebe64f-img_1280_box1_8.png,8
6968737b-img_1806_box0_2.png,8
60732a63-img_0450_box0_5.png,8
9c59726f-img_1639_box0_4.png,8
e733638a-img_1235_box2_1.png,8
a939e128-img_0519_box0_2.png,8
5896531d-img_0612_box0_0.png,8
38d946d8-img_0279_box0_4.png,8
9e9c048e-img_1793_box0_4.png,8
c5b1fcb9-img_1149_box1_3.png,8
3e0a066c-img_0792_box0_7.png,8
c15daed8-img_1574_box0_1.png,8
57bb976e-img_0340_box0_7.png,8
e5acb424-img_0531_box0_4.png,8
5591156c-img_1808_box0_1.png,8
3fe3e099-img_1166_box0_1.png,8
bb8c64bb-img_1176_box0_4.png,8
9e9c048e-img_1793_box0_2.png,8
6db90cd9-img_0754_box0_3.png,8
586ccd35-img_1984_box0_5.png,8
efc4131c-img_1616_box0_9.png,8
57d91646-img_0116_box0_1.png,8
5d14c949-img_2008_box0_4.png,8
369e447a-img_1152_box0_8.png,8
f6020054-img_0698_box0_4.png,8
621bd08c-img_1927_box0_4.png,8
50d6becf-img_0803_box0_2.png,8
16100ae0-img_0245_box0_3.png,8
41a3eb61-img_1197_box0_4.png,8
5e687f25-img_1287_box0_2.png,8
61cd5bed-img_0663_box0_3.png,8
ef626321-img_1118_box0_1.png,8
e14dd10b-img_0740_box0_7.png,8
015b4497-img_1232_box0_1.png,8
3db69cc9-img_0499_box0_5.png,8
86b72816-img_1190_box0_3.png,8
a7db40dd-img_1131_box0_1.png,8
a7da2905-img_0095_box0_4.png,8
43b827f8-img_1325_box0_4.png,8
d52a6436-img_0500_box0_2.png,8
c1febc46-img_1596_box0_3.png,8
927c7d27-img_0396_box0_7.png,8
6d72aa48-img_1310_box0_4.png,8
d4cdc239-img_1755_box0_6.png,8
7a9f37ef-img_1467_box0_9.png,8
e040e0ab-img_0613_box0_3.png,8
e77cc8c4-img_1953_box0_4.png,8
a0ba300e-img_0471_box0_4.png,8
09dfe6a1-img_1705_box0_9.png,8
bb8c64bb-img_1176_box0_7.png,8
c02c6f08-img_0813_box0_4.png,8
07d8eb18-img_0796_box0_4.png,8
8c2366bc-img_1181_box0_3.png,8
05f6a836-img_0563_box0_3.png,8
97959f39-img_1161_box0_3.png,8
1c490250-img_0454_box0_8.png,8
ab87c00b-img_0221_box0_4.png,8
dad7dc44-img_1442_box0_8.png,8
a78b8582-img_0305_box0_8.png,8
67f233d8-img_0453_box0_1.png,8
2bda9830-img_1233_box0_3.png,8
8ac03e05-img_0280_box0_4.png,8
84d25591-img_1005_box0_2.png,8
f8c88cb5-img_1849_box0_8.png,8
cc9e0c53-img_1863_box0_8.png,8
b88293ff-img_0685_box0_3.png,8
32576090-img_1247_box0_9.png,8
6370d121-img_0723_box0_1.png,8
31ca7fa9-img_1517_box0_3.png,8
43df91f5-img_0646_box0_0.png,8
db43b18d-img_1970_box0_3.png,8
413eba7e-img_0344_box0_5.png,8
34ebe64f-img_1280_box0_2.png,8
bb7793ed-img_0460_box0_3.png,8
1be25fbc-img_1851_box0_5.png,8
96f0cf6a-img_0204_box0_3.png,8
d4617598-img_1504_box0_8.png,8
500abc6b-img_1754_box0_4.png,8
5fbf3f8e-img_1484_box0_1.png,8
46789bbc-img_0264_box0_10.png,8
bcbc4e25-img_1843_box0_9.png,8
437d0a12-img_1307_box0_9.png,8
f15b0633-img_0645_box0_2.png,8
b3cff1dc-img_1301_box0_1.png,8
761ba12f-img_1995_box0_7.png,8
67f233d8-img_0453_box0_8.png,8
c2c9ebed-img_1096_box0_8.png,8
3f0246b4-img_1558_box0_7.png,8
60a18a34-img_1162_box2_6.png,8
200ba5d6-img_1656_box0_3.png,8
28d134f6-img_1492_box0_2.png,8
80eb66df-img_1474_box0_5.png,8
d9a527be-img_0952_box0_0.png,8
98995cb0-img_1560_box0_4.png,8
7af0c0fc-img_1441_box0_9.png,8
e5acb424-img_0531_box0_5.png,8
da8d59cb-img_1059_box0_1.png,8
b6786c4a-img_0058_box0_4.png,8
236f0ed1-img_0228_box0_3.png,8
e80f893c-img_1991_box0_1.png,8
147847e8-img_1670_box0_4.png,8
bd035dfc-img_0744_box0_2.png,8
73f49f61-img_0798_box0_4.png,8
77f6a3a9-img_1214_box0_2.png,8
f982cd50-img_1933_box0_6.png,8
8d1ed6b5-img_1336_box0_9.png,8
13326d65-img_0927_box0_3.png,8
612dd052-img_1753_box0_5.png,8
d368ddb0-img_0516_box0_3.png,8
686a3ae4-img_1157_box0_7.png,8
d520f5c7-img_1177_box0_4.png,8
e1fb6604-img_1643_box0_2.png,8
2682d113-img_0802_box0_1.png,8
58f63a69-img_1662_box0_6.png,8
cd8ec4b3-img_1101_box0_1.png,8
27687a40-img_1549_box0_4.png,8
63bb91df-img_1552_box0_9.png,8
2faf521b-img_1006_box0_3.png,8
ed8ab46f-img_0474_box0_2.png,8
8be52982-img_1009_box0_2.png,8
31ca7fa9-img_1517_box0_7.png,8
587a6a75-img_1523_box0_7.png,8
2ac2b9a2-img_0502_box0_4.png,8
0ea29b74-img_1704_box0_5.png,8
f4e694e9-img_1559_box0_8.png,8
154f366a-img_0472_box0_4.png,8
01d5e787-img_1146_box0_9.png,8
2ce46d33-img_0364_box0_4.png,8
829f55b6-img_0386_box0_2.png,8
7341e768-img_0939_box0_4.png,8
e8b333ae-img_1155_box0_4.png,8
5ff81321-img_1094_box0_4.png,8
234086ae-img_0922_box0_7.png,8
96aea525-img_1805_box0_7.png,8
275c0451-img_0227_box0_3.png,8
5ffbaa9b-img_1584_box0_8.png,8
158aefe0-img_0806_box0_3.png,8
127826dc-img_1565_box0_5.png,8
1a371828-img_1489_box0_7.png,8
7dc63307-img_0641_box0_7.png,8
7e2eba54-img_1701_box0_4.png,8
18f2e6f6-img_1873_box0_9.png,8
abd01a62-img_1913_box0_1.png,8
a090df1e-img_1182_box0_9.png,8
cd120cc1-img_1070_box0_2.png,8
e69265f9-img_0906_box0_2.png,8
3125c390-img_0682_box0_3.png,8
31f66f08-img_0197_box0_4.png,8
fc1c5905-img_1540_box0_7.png,8
9320835b-img_1888_box0_9.png,8
d6d048ec-img_0375_box0_3.png,8
001f325e-img_1366_box0_3.png,8
ecc53255-img_0427_box0_1.png,8
983606d3-img_0615_box0_2.png,8
061bf97b-img_0947_box0_7.png,8
0342b11a-img_1249_box0_7.png,8
369e447a-img_1152_box0_5.png,8
01b3319f-img_0738_box0_8.png,8
2c761ac8-img_1174_box0_8.png,8
97fe358a-img_0415_box0_4.png,8
a4be843b-img_0342_box0_5.png,8
362ff4f1-img_1164_box0_8.png,8
a0916289-img_1386_box0_1.png,8
2f066a31-img_1735_box0_1.png,8
8e4dca6b-img_1443_box0_9.png,8
72a66161-img_1744_box0_3.png,8
c02c6f08-img_0813_box0_5.png,8
5591156c-img_1808_box0_2.png,8
c9dd45a7-img_0201_box0_3.png,8
a93a0316-img_1675_box0_5.png,8
154f366a-img_0472_box0_1.png,8
2bda9830-img_1233_box0_9.png,8
97e9462c-img_1482_box0_2.png,8
dee64040-img_0464_box0_4.png,8
6f1e8db2-img_1929_box0_3.png,8
6ef73072-img_1245_box0_9.png,8
04471b24-img_1284_box0_9.png,8
a8cf3776-img_1869_box0_4.png,8
416180c0-img_0307_box0_8.png,8
ec2020b8-img_1520_box0_9.png,8
39ef7bf8-img_0896_box0_3.png,8
98337ccc-img_1502_box0_5.png,8
e2a8127d-img_1075_box0_2.png,8
fcd1d8c9-img_0195_box1_4.png,8
ba42e381-img_0913_box0_5.png,8
282197c8-img_1140_box0_8.png,8
8e03793b-img_0944_box0_4.png,8
e60040d8-img_1375_box0_9.png,8
bcbc4e25-img_1843_box0_2.png,8
e27d3f16-img_1770_box0_1.png,8
b59dd6c5-img_0140_box0_2.png,8
ba80bc20-img_1237_box0_3.png,8
36b268c7-img_0880_box0_3.png,8
78b542fb-img_1600_box0_4.png,8
ebaef50e-img_1495_box0_2.png,8
60a18a34-img_1162_box2_2.png,8
ead7fa43-img_1405_box0_1.png,8
dda20edc-img_0965_box0_4.png,8
d3bf80f1-img_0961_box0_4.png,8
d723f3d8-img_1671_box0_1.png,8
c16cfca1-img_1450_box0_9.png,8
13b38b9d-img_1533_box0_3.png,8
2a27c6ff-img_1072_box0_3.png,8
fc3d9c1f-img_1195_box0_8.png,8
96aea525-img_1805_box0_3.png,8
b0b29a7b-img_1191_box0_3.png,8
c02d1402-img_0373_box0_3.png,8
f927cf92-img_1605_box0_4.png,8
7a90166d-img_0689_box0_3.png,8
e70411e3-img_1636_box0_3.png,8
414d4a46-img_0496_box0_2.png,8
5d14c949-img_2008_box0_2.png,8
282197c8-img_1140_box0_3.png,8
e5219d7d-img_1485_box0_2.png,8
bdccd8f5-img_0871_box0_4.png,8
97581435-img_1589_box0_7.png,8
fc4ba2f5-img_0614_box0_2.png,8
e5009a40-img_1258_box0_7.png,8
60295325-img_0839_box0_3.png,8
af27d531-img_0716_box0_2.png,8
d73646ba-img_1081_box0_3.png,8
584e1a00-img_1279_box0_8.png,8
f15189af-img_0768_box0_1.png,8
36167f4b-img_0715_box0_1.png,8
b2ce4c59-img_2001_box0_4.png,8
86b72816-img_1190_box0_9.png,8
e733638a-img_1235_box2_4.png,8
721d4248-img_1363_box0_9.png,8
a9608204-img_1514_box0_7.png,8
020fa27c-img_1795_box0_4.png,8
ec3a0163-img_1304_box0_1.png,8
8b41434c-img_1408_box0_3.png,8
15a9e8e0-img_1551_box0_1.png,8
e138badb-img_1536_box0_7.png,8
c4732778-img_1575_box0_8.png,8
15a02388-img_1722_box0_3.png,8
19a962ef-img_1389_box0_4.png,8
3db69cc9-img_0499_box0_1.png,8
11c33b43-img_0886_box0_1.png,8
66b42407-img_0174_box0_3.png,8
99bb3d1b-img_0883_box0_1.png,8
89f90b44-img_0852_box0_7.png,8
dcd5e01d-img_0296_box0_10.png,8
aadd87cc-img_1035_box0_2.png,8
6de2b56e-img_0591_box0_8.png,8
e030770f-img_1874_box0_9.png,8
29905c6b-img_0836_box0_2.png,8
0367cfeb-img_1000_box0_7.png,8
c8e5882e-img_1845_box0_1.png,8
3ad4de9f-img_1792_box0_6.png,8
919a6305-img_0575_box0_8.png,8
b08288a2-img_1610_box0_2.png,8
338864b9-img_0455_box0_3.png,8
6572e986-img_1734_box0_3.png,8
5ddd7beb-img_1801_box0_4.png,8
365f19d5-img_0418_box0_2.png,8
b2cbca1e-img_0737_box0_7.png,8
d9f4ed38-img_0423_box0_2.png,8
6148d762-img_0571_box0_3.png,8
3ca5c487-img_0635_box0_2.png,8
35378995-img_0312_box0_3.png,8
da561f1e-img_1014_box0_1.png,8
e293948e-img_0518_box0_3.png,8
2e10ab34-img_1728_box0_7.png,8
2ce46d33-img_0364_box0_5.png,8
983606d3-img_0615_box0_4.png,8
d2459e13-img_0470_box0_2.png,8
1658f877-img_1095_box0_5.png,8
571785bc-img_1378_box0_3.png,8
90ea0a33-img_0621_box0_3.png,8
5bb8f278-img_0462_box0_1.png,8
b566e907-img_1071_box0_7.png,8
382896ac-img_1573_box0_4.png,8
bcbc4e25-img_1843_box0_3.png,8
fcaeb8c6-img_1453_box0_4.png,8
71c746ca-img_1809_box0_9.png,8
20c12ea9-img_0332_box0_4.png,8
b523d116-img_1790_box0_3.png,8
a5f4a695-img_1642_box0_2.png,8
c85701a2-img_1583_box0_9.png,8
2682d113-img_0802_box0_3.png,8
1504f4bd-img_1040_box0_4.png,8
f6020054-img_0698_box0_3.png,8
e524ae78-img_0115_box0_5.png,8
02055fb1-img_1788_box0_1.png,8
e8b333ae-img_1155_box1_5.png,8
97959f39-img_1161_box1_0.png,8
020fa27c-img_1795_box0_3.png,8
365c5920-img_1193_box2_4.png,8
b2cbca1e-img_0737_box0_1.png,8
bd9345f0-img_1025_box0_1.png,8
71bc56ef-img_1499_box0_9.png,8
2db5f6fe-img_1100_box1_1.png,8
a8aa8be2-img_0337_box0_7.png,8
ed2a4138-img_0238_box0_4.png,8
365f19d5-img_0418_box0_8.png,8
8cb3550d-img_0938_box0_7.png,8
f737ce72-img_1678_box0_8.png,8
6919bf05-img_1231_box0_7.png,8
fe3a7ec2-img_0129_box0_4.png,8
6db90cd9-img_0754_box0_1.png,8
b71e0d24-img_1063_box0_4.png,8
572a4605-img_1906_box0_2.png,8
01d5e787-img_1146_box0_3.png,8
89afe269-img_0911_box0_1.png,8
1c57482e-img_1828_box0_9.png,8
bdccd8f5-img_0871_box0_2.png,8
5683a72f-img_1272_box0_2.png,8
365c5920-img_1193_box1_7.png,8
9320835b-img_1888_box0_4.png,8
d4f70652-img_1107_box0_3.png,8
f945150e-img_0946_box0_3.png,8
b523d116-img_1790_box0_2.png,8
7e8723fb-img_0793_box0_2.png,8
38d61ace-img_0477_box0_3.png,8
68e60d23-img_0323_box0_10.png,8
8d2d3cc0-img_0720_box0_3.png,8
154b5b96-img_0697_box0_1.png,8
3ee3434a-img_1506_box0_4.png,8
02677cc9-img_1416_box0_4.png,8
60202219-img_1791_box0_7.png,8
ba42e381-img_0913_box0_3.png,8
eb2ab965-img_1018_box0_4.png,8
91108812-img_0488_box0_0.png,8
ff735df9-img_1163_box0_8.png,8
ca487165-img_0263_box0_2.png,8
def317b2-img_1765_box0_1.png,8
018e2168-img_1121_box1_8.png,8
0f6755af-img_0584_box0_5.png,8
1542ca87-img_1761_box0_1.png,8
8cb04afd-img_1630_box0_3.png,8
255e32c6-img_1382_box0_6.png,8
847717ce-img_1631_box0_3.png,8
7628777a-img_1627_box0_2.png,8
38a86769-img_0730_box0_3.png,8
dcd5e01d-img_0296_box0_4.png,8
2bda9830-img_1233_box0_1.png,8
3bf936bf-img_1938_box0_1.png,8
7a9feae0-img_1440_box0_4.png,8
36267d9e-img_0229_box0_3.png,8
5b2d11d3-img_0628_box0_3.png,8
00f10794-img_1529_box0_4.png,8
2a2d00ae-img_0848_box0_4.png,8
f29226a4-img_0778_box0_8.png,8
dccee259-img_0693_box0_1.png,8
7e7578d8-img_1908_box0_7.png,8
a00e4cec-img_1799_box0_4.png,8
d4617598-img_1504_box0_2.png,8
b3cff1dc-img_1301_box0_5.png,8
ea7aabf9-img_0627_box0_7.png,8
5c29686c-img_1935_box0_1.png,8
b2e06da7-img_1904_box0_4.png,8
132c4098-img_0914_box0_7.png,8
66cc072b-img_0209_box0_1.png,8
3cdf9dd4-img_1110_box0_5.png,8
15cd8d5d-img_1188_box0_5.png,8
cc9e0c53-img_1863_box0_3.png,8
7a35e7a4-img_1373_box0_3.png,8
3fe3e099-img_1166_box0_7.png,8
020fa27c-img_1795_box0_2.png,8
da166122-img_1972_box0_1.png,8
1cbbbc5a-img_0976_box0_2.png,8
377cc48c-img_1882_box0_4.png,8
9ddf6c7e-img_1837_box0_2.png,8
6afdfda8-img_1437_box0_3.png,8
bc6e16f5-img_0860_box0_7.png,8
6b7cc309-img_1603_box0_3.png,8
b46cf6a1-img_1812_box0_3.png,8
8f453cf4-img_1650_box0_2.png,8
6f1e8db2-img_1929_box0_2.png,8
b43cb27d-img_0441_box0_7.png,8
84af32e5-img_0725_box0_1.png,8
964dbf97-img_1759_box0_9.png,8
2b4c13f1-img_1924_box0_1.png,8
2621567a-img_1781_box0_3.png,8
b3cff1dc-img_1301_box0_8.png,8
3fe5512b-img_1497_box0_3.png,8
590a24e5-img_0219_box0_4.png,8
60732a63-img_0450_box0_4.png,8
9320835b-img_1888_box0_2.png,8
bb7793ed-img_0460_box0_7.png,8
e524ae78-img_0115_box1_5.png,8
fe4f5647-img_1204_box0_1.png,8
720a6bd9-img_0934_box0_5.png,8
f569b10c-img_1397_box0_9.png,8
2f4dcf6e-img_1331_box0_2.png,8
bc2bacb2-img_0797_box0_5.png,8
fdeb1a7b-img_1230_box1_7.png,8
e0ab5309-img_0416_box0_4.png,9
1c490250-img_0454_box0_1.png,9
ca487165-img_0263_box0_8.png,9
72e2626b-img_1539_box0_4.png,9
1917e083-img_0440_box0_10.png,9
d4346481-img_1393_box0_4.png,9
5701fb29-img_0721_box0_6.png,9
9f25b901-img_1875_box0_9.png,9
5ddd7beb-img_1801_box0_7.png,9
494b7939-img_1469_box0_4.png,9
5896531d-img_0612_box0_5.png,9
fc1c5905-img_1540_box0_6.png,9
940149b6-img_0588_box0_6.png,9
ed8915cc-img_1023_box0_6.png,9
c4a8928d-img_0252_box0_4.png,9
c953a3e5-img_0384_box0_10.png,9
705fc31c-img_1457_box0_6.png,9
7b5d1fa6-img_1941_box0_1.png,9
147847e8-img_1670_box0_7.png,9
27687a40-img_1549_box0_9.png,9
4e124c6e-img_1353_box0_6.png,9
c3db92fd-img_1568_box0_9.png,9
04471b24-img_1284_box0_6.png,9
302743e9-img_1660_box0_2.png,9
3e7f6e9b-img_0801_box0_7.png,9
964dbf97-img_1759_box0_2.png,9
88842de0-img_0326_box0_10.png,9
a38377dc-img_0449_box0_2.png,9
d2c4ee86-img_0497_box0_6.png,9
c23850b7-img_1979_box0_6.png,9
a4be843b-img_0342_box0_10.png,9
31f66f08-img_0197_box1_4.png,9
dee64040-img_0464_box0_3.png,9
121415b4-img_1083_box0_6.png,9
e80f893c-img_1991_box0_4.png,9
5b078393-img_0539_box0_3.png,9
12c845b4-img_0929_box0_5.png,9
365f19d5-img_0418_box0_5.png,9
453d2704-img_1090_box0_1.png,9
e0ab5309-img_0416_box0_10.png,9
3ffcaaac-img_1001_box0_5.png,9
9baf0d8c-img_1538_box0_5.png,9
6729fe6e-img_0196_box0_2.png,9
0109cd9d-img_0568_box0_7.png,9
bb691c85-img_1990_box0_3.png,9
22caeb51-img_0230_box0_1.png,9
1e16bcc8-img_1680_box0_2.png,9
d87ed836-img_0830_box0_5.png,9
e733638a-img_1235_box0_3.png,9
019d6391-img_1943_box0_7.png,9
018e2168-img_1121_box0_2.png,9
87347de1-img_1344_box0_5.png,9
2b331ea3-img_0365_box0_8.png,9
7d9804d0-img_0285_box0_8.png,9
447692de-img_0734_box0_9.png,9
a939e128-img_0519_box0_4.png,9
58e8a031-img_1587_box0_1.png,9
98995cb0-img_1560_box0_7.png,9
8ac03e05-img_0280_box0_5.png,9
861b873f-img_0168_box1_7.png,9
658108ac-img_1625_box0_2.png,9
c3d0d2c1-img_1989_box0_9.png,9
cb6fa2a4-img_1917_box0_8.png,9
369e447a-img_1152_box0_3.png,9
13f25760-img_1827_box0_9.png,9
8e9a499b-img_0905_box0_5.png,9
2a27c6ff-img_1072_box0_6.png,9
4bf9db87-img_0566_box0_4.png,9
a4be843b-img_0342_box0_3.png,9
e81feee5-img_0844_box0_8.png,9
5ab22cf3-img_1934_box0_1.png,9
3cdf9dd4-img_1110_box0_4.png,9
c4732778-img_1575_box0_7.png,9
58e8a031-img_1587_box0_7.png,9
c3db92fd-img_1568_box0_6.png,9
88842de0-img_0326_box0_8.png,9
adab00a6-img_1981_box0_9.png,9
ea452bc9-img_1270_box0_2.png,9
c0cc499a-img_1126_box0_5.png,9
3bf936bf-img_1938_box0_3.png,9
f02894ae-img_0184_box0_3.png,9
5701fb29-img_0721_box0_7.png,9
4c77533e-img_0719_box0_1.png,9
ca487165-img_0263_box0_3.png,9
9c6b11d4-img_1066_box0_4.png,9
5f51d497-img_1044_box0_5.png,9
def317b2-img_1765_box0_9.png,9
89afe269-img_0911_box0_9.png,9
a93015be-img_1265_box0_1.png,9
7c5f1f0d-img_0302_box0_4.png,9
c6813a00-img_1784_box0_2.png,9
6824c37b-img_1144_box0_1.png,9
1ead0e21-img_0336_box0_4.png,9
6085e8fd-img_0278_box0_2.png,9
fbfcb085-img_1853_box0_1.png,9
3e7ce0eb-img_0887_box0_1.png,9
2e6a0ca2-img_1515_box0_3.png,9
dd6bd05e-img_1396_box0_1.png,9
413eba7e-img_0344_box0_3.png,9
6e750ce3-img_0987_box0_3.png,9
a26d5f4a-img_0564_box0_9.png,9
519a8861-img_1381_box0_1.png,9
71c746ca-img_1809_box0_1.png,9
5ff81321-img_1094_box0_1.png,9
587a6a75-img_1523_box0_9.png,9
192739eb-img_0000_box0_5.png,9
bb704d64-img_0231_box0_5.png,9
6788a936-img_0916_box0_7.png,9
29d7bad4-img_1868_box0_2.png,9
1a3bb82c-img_1690_box0_8.png,9
2e6a0ca2-img_1515_box0_2.png,9
3524ad90-img_0540_box0_9.png,9
977ca2e2-img_0049_box0_8.png,9
72496f16-img_0282_box0_10.png,9
0924b9d7-img_0759_box0_3.png,9
3fe3e099-img_1166_box0_3.png,9
5b2d11d3-img_0628_box0_2.png,9
194c9dc2-img_0347_box0_10.png,9
aaed818b-img_0271_box0_10.png,9
eb28362f-img_0155_box0_5.png,9
0f6755af-img_0584_box0_3.png,9
5bb8e384-img_1547_box0_4.png,9
32514bc2-img_1099_box0_2.png,9
fbf4d9d9-img_0355_box0_4.png,9
234086ae-img_0922_box0_6.png,9
13326d65-img_0927_box0_6.png,9
fc4ba2f5-img_0614_box0_1.png,9
4bb87448-img_0617_box0_4.png,9
4f0c5ac5-img_0223_box0_9.png,9
70e6c677-img_0224_box0_3.png,9
296d4dd0-img_0247_box0_1.png,9
f982cd50-img_1933_box0_9.png,9
b8c88453-img_0320_box0_3.png,9
758f4c81-img_0065_box0_4.png,9
e5c756a0-img_0200_box0_1.png,9
88842de0-img_0326_box0_2.png,9
bee73163-img_0999_box0_1.png,9
f219341f-img_1604_box0_1.png,9
8d1ed6b5-img_1336_box0_3.png,9
e8b333ae-img_1155_box1_3.png,9
646a04cf-img_1311_box0_9.png,9
377cc48c-img_1882_box0_7.png,9
6a038a02-img_0594_box0_4.png,9
5f2a9139-img_2017_box0_6.png,9
1d24250a-img_0495_box0_1.png,9
0e9a9e53-img_1931_box0_9.png,9
5d14c949-img_2008_box0_9.png,9
0eedb10f-img_0915_box0_6.png,9
72496f16-img_0282_box0_4.png,9
1cbb9fcd-img_1184_box0_2.png,9
933ca0c0-img_1702_box0_7.png,9
8f3a0bb0-img_0543_box0_7.png,9
b17921b3-img_0270_box0_10.png,9
a32f4040-img_0357_box0_10.png,9
3524ad90-img_0540_box0_4.png,9
c0df70ac-img_1623_box0_6.png,9
15a9e8e0-img_1551_box0_8.png,9
b88293ff-img_0685_box0_2.png,9
bf876c00-img_1632_box0_8.png,9
b031eb6e-img_0850_box0_1.png,9
c65882ca-img_1507_box0_3.png,9
1ce387f0-img_0898_box0_1.png,9
2db5f6fe-img_1100_box1_3.png,9
c2434b82-img_0387_box0_5.png,9
01f11fb2-img_0362_box0_10.png,9
cc56b5bb-img_1724_box0_9.png,9
1e7e27f6-img_0283_box0_10.png,9
8e2047bf-img_0870_box0_3.png,9
eb28362f-img_0155_box0_1.png,9
c85701a2-img_1583_box0_2.png,9
744180c3-img_0785_box0_2.png,9
4f5682fe-img_1222_box0_2.png,9
8e9a499b-img_0905_box0_1.png,9
5d14c949-img_2008_box0_1.png,9
1e32a027-img_1401_box0_3.png,9
8fb0d74f-img_0239_box0_4.png,9
dd647a7a-img_1745_box0_7.png,9
8cb04afd-img_1630_box0_7.png,9
1f0d0165-img_0973_box0_3.png,9
0c071a1a-img_1710_box0_2.png,9
93a8c35d-img_0514_box0_1.png,9
4c7fad7f-img_1717_box0_2.png,9
38a86769-img_0730_box0_1.png,9
ef64aa05-img_1698_box0_3.png,9
70e6c677-img_0224_box0_9.png,9
c15daed8-img_1574_box0_9.png,9
d40ffe11-img_1694_box0_1.png,9
e8b333ae-img_1155_box0_2.png,9
be7ffc3a-img_1210_box0_6.png,9
7982c529-img_0092_box0_4.png,9
744c24c1-img_0846_box0_7.png,9
154b5b96-img_0697_box0_2.png,9
551249c0-img_0764_box0_2.png,9
a8b2b7e7-img_0923_box0_3.png,9
3c6769f5-img_1165_box0_2.png,9
4f1c7f74-img_1653_box0_9.png,9
2c761ac8-img_1174_box0_1.png,9
acc44457-img_1019_box0_4.png,9
3d98c973-img_1585_box0_2.png,9
416180c0-img_0307_box0_2.png,9
d9f4ed38-img_0423_box0_6.png,9
473c222f-img_1903_box0_4.png,9
a8c66282-img_1608_box0_3.png,9
43a7ed1e-img_1740_box0_2.png,9
0df54e09-img_0727_box0_6.png,9
d73646ba-img_1081_box0_2.png,9
c15daed8-img_1574_box0_2.png,9
35b2f9a4-img_1847_box0_4.png,9
3e0a066c-img_0792_box0_2.png,9
c4c9b450-img_0404_box0_5.png,9
5c24e33e-img_1169_box0_2.png,9
31f66f08-img_0197_box1_2.png,9
aae9475c-img_0751_box0_7.png,9
3648d383-img_0637_box0_7.png,9
6c386017-img_0711_box0_3.png,9
c1cb1fd6-img_0093_box0_2.png,9
572a4605-img_1906_box0_3.png,9
0f35b230-img_1978_box0_9.png,9
5ef74347-img_1359_box0_6.png,9
e040e0ab-img_0613_box0_2.png,9
c927740e-img_0524_box0_7.png,9
cd0a59d3-img_1496_box0_6.png,9
bee73163-img_0999_box0_7.png,9
72fb4dd7-img_0532_box0_2.png,9
13b38b9d-img_1533_box0_6.png,9
fed264ab-img_1461_box0_2.png,9
c0df70ac-img_1623_box0_7.png,9
fbd1e025-img_0249_box0_3.png,9
c59f0adc-img_1652_box0_7.png,9
2dc009e0-img_1949_box0_3.png,9
72496f16-img_0282_box0_8.png,9
ef64aa05-img_1698_box0_2.png,9
bb704d64-img_0231_box1_8.png,9
3198bf04-img_1369_box0_9.png,9
9c4a8f1d-img_1802_box0_8.png,9
cd8ec4b3-img_1101_box1_0.png,9
6ccc74de-img_0950_box0_4.png,9
72948da9-img_0726_box0_7.png,9
6b9435f6-img_1566_box0_3.png,9
aae9475c-img_0751_box0_6.png,9
60a18a34-img_1162_box0_7.png,9
721d4248-img_1363_box0_6.png,9
d19c372f-img_0291_box0_4.png,9
c14f9972-img_0101_box0_5.png,9
8cb04afd-img_1630_box0_6.png,9
2748d048-img_1127_box0_5.png,9
9116c610-img_0908_box0_9.png,9
bacd5d7a-img_1909_box0_6.png,9
0924b9d7-img_0759_box0_1.png,9
cd0a59d3-img_1496_box0_4.png,9
4bf9db87-img_0566_box0_8.png,9
c2434b82-img_0387_box0_3.png,9
db2ed460-img_0968_box0_3.png,9
fec37ecb-img_0329_box0_10.png,9
0dfed099-img_0718_box0_8.png,9
b9d1ae09-img_1841_box0_5.png,9
15b1e791-img_1537_box0_6.png,9
60dbfc27-img_0930_box0_2.png,9
e293948e-img_0518_box0_6.png,9
fe975dc7-img_0580_box0_1.png,9
8cb3550d-img_0938_box0_6.png,9
89f90b44-img_0852_box0_5.png,9
e2a8127d-img_1075_box0_8.png,9
bfd067a8-img_1886_box0_1.png,9
6ede9680-img_1041_box0_9.png,9
4b60eef9-img_1677_box0_1.png,9
d3bf80f1-img_0961_box0_1.png,9
d23e1010-img_0330_box0_10.png,9
43a14ff9-img_0998_box0_6.png,9
5b2d11d3-img_0628_box0_9.png,9
2ce46d33-img_0364_box0_10.png,9
4f2ad01c-img_0569_box0_4.png,9
4a060be3-img_1998_box0_9.png,9
d4cdc239-img_1755_box0_4.png,9
f152cd38-img_0094_box0_2.png,9
b850b103-img_0346_box0_10.png,9
be0122f8-img_0818_box0_3.png,9
8f3a0bb0-img_0543_box0_2.png,9
7512c1ef-img_1588_box0_2.png,9
72948da9-img_0726_box0_1.png,9
7e7578d8-img_1908_box0_3.png,9
e030770f-img_1874_box0_7.png,9
67ebd32a-img_1299_box0_2.png,9
ad10ff79-img_0390_box0_10.png,9
2c3f9c4c-img_0783_box0_7.png,9
519a8861-img_1381_box0_5.png,9
3e89662b-img_1937_box0_1.png,9
81c17c82-img_0328_box0_5.png,9
5670644d-img_0548_box0_4.png,9
fdeb1a7b-img_1230_box1_3.png,9
633a750e-img_0210_box0_3.png,9
9819a7b3-img_1928_box0_1.png,9
55a2acb2-img_0743_box0_2.png,9
3776a3ef-img_1465_box0_2.png,9
385cb822-img_1276_box0_3.png,9
095ff279-img_1831_box0_1.png,9
db6ba796-img_1338_box0_1.png,9
b721326d-img_1554_box0_1.png,9
cd6b3923-img_0665_box0_9.png,9
27863ef1-img_0388_box0_10.png,9
cdb3737c-img_1056_box0_3.png,9
a0ab7fac-img_0673_box0_9.png,9
c98548a6-img_0567_box0_4.png,9
22d8acd4-img_1546_box0_3.png,9
118200ce-img_1581_box0_4.png,9
1aac4eeb-img_1073_box0_9.png,9
761ba12f-img_1995_box0_6.png,9
ec3a0163-img_1304_box0_9.png,9
7f1feaba-img_0482_box0_1.png,9
ca05d4bc-img_1050_box0_6.png,9
f3b24e72-img_0501_box0_1.png,9
c927740e-img_0524_box0_1.png,9
6572e986-img_1734_box0_2.png,9
989c1c89-img_1655_box0_3.png,9
3ad4de9f-img_1792_box0_3.png,9
81f08df1-img_1885_box0_9.png,9
cbe62df5-img_1907_box0_1.png,9
31f66f08-img_0197_box0_5.png,9
c02d1402-img_0373_box0_4.png,9
e57dc4ba-img_0983_box0_2.png,9
35becfc0-img_0537_box0_4.png,9
2a771bb8-img_1053_box0_8.png,9
e030770f-img_1874_box0_3.png,9
7260b1cf-img_1823_box0_1.png,9
059a723f-img_1257_box0_6.png,9
b99c28af-img_1957_box0_1.png,9
e548446b-img_1490_box0_6.png,9
b73f3fc2-img_0276_box0_7.png,9
bc737971-img_1682_box0_9.png,9
f6015c80-img_1317_box0_9.png,9
71c746ca-img_1809_box0_2.png,9
43b64976-img_1236_box0_3.png,9
60a18a34-img_1162_box0_6.png,9
b13f9201-img_0676_box0_4.png,9
c23850b7-img_1979_box0_3.png,9
633a750e-img_0210_box0_1.png,9
870c1cfc-img_1088_box0_3.png,9
3fe3e099-img_1166_box0_4.png,9
c4c9b450-img_0404_box0_10.png,9
5705fcc9-img_1854_box0_6.png,9
bd035dfc-img_0744_box0_3.png,9
45783b62-img_0649_box0_6.png,9
9bdd69c8-img_1446_box0_6.png,9
63bb91df-img_1552_box0_4.png,9
f02894ae-img_0184_box3_0.png,9
d40ffe11-img_1694_box0_5.png,9
afc45737-img_0411_box0_2.png,9
a718a448-img_1508_box0_4.png,9
58b6cf3f-img_0090_box0_3.png,9
775c8208-img_1432_box0_1.png,9
6afdfda8-img_1437_box0_4.png,9
8acf5076-img_0769_box0_7.png,9
9f83d658-img_1982_box0_9.png,9
9c6b11d4-img_1066_box0_3.png,9
acc44457-img_1019_box0_7.png,9
ccb9a03c-img_0199_box0_3.png,9
d4346481-img_1393_box0_5.png,9
56169b21-img_0841_box0_3.png,9
557cefd9-img_1028_box0_3.png,9
1ce387f0-img_0898_box0_6.png,9
7dc63307-img_0641_box0_2.png,9
7a35e7a4-img_1373_box0_4.png,9
a03683e0-img_0837_box0_7.png,9
e25080c3-img_1178_box0_2.png,9
c6813a00-img_1784_box0_4.png,9
de687872-img_1963_box0_9.png,9
9f83d658-img_1982_box0_1.png,9
4e0a381f-img_1051_box0_3.png,9
bb7793ed-img_0460_box0_8.png,9
a7ce99b8-img_1842_box0_4.png,9
a718a448-img_1508_box0_2.png,9
5683a72f-img_1272_box0_4.png,9
b13f9201-img_0676_box0_7.png,9
121415b4-img_1083_box0_1.png,9
3198bf04-img_1369_box0_6.png,9
d6d048ec-img_0375_box0_10.png,9
43f071c1-img_1942_box0_1.png,9
2ecf3840-img_1807_box0_9.png,9
2f6a8a40-img_1910_box0_1.png,9
557cefd9-img_1028_box0_2.png,9
1e16bcc8-img_1680_box0_7.png,9
38d946d8-img_0279_box0_2.png,9
bf876c00-img_1632_box0_3.png,9
927c7d27-img_0396_box0_6.png,9
91713c09-img_1509_box0_4.png,9
cbe95ea2-img_0274_box0_5.png,9
38d946d8-img_0279_box0_5.png,9
1cd95196-img_0895_box0_6.png,9
1cd95196-img_0895_box0_9.png,9
2a8a03ed-img_1116_box0_4.png,9
09c66bd3-img_1036_box0_6.png,9
c6f01859-img_0002_box0_4.png,9
154f366a-img_0472_box0_3.png,9
2f066a31-img_1735_box0_3.png,9
ef555e1e-img_1664_box0_2.png,9
f69036e3-img_1387_box0_4.png,9
5187df81-img_0988_box0_6.png,9
667363de-img_0776_box0_1.png,9
05116ae9-img_1047_box0_9.png,9
fd94759a-img_1785_box0_5.png,9
e5219d7d-img_1485_box1_5.png,9
2b331ea3-img_0365_box0_10.png,9
21c5b397-img_1997_box0_9.png,9
644c96b2-img_1835_box0_6.png,9
019d6391-img_1943_box0_6.png,9
8c2366bc-img_1181_box0_5.png,9
db6ba796-img_1338_box0_5.png,9
94d8842a-img_1445_box0_2.png,9
660b82b8-img_0124_box0_3.png,9
dab980bb-img_0083_box0_5.png,9
09c66bd3-img_1036_box0_9.png,9
d73646ba-img_1081_box0_9.png,9
02f2b39a-img_1876_box0_1.png,9
b73f3fc2-img_0276_box0_8.png,9
4bf9db87-img_0566_box0_1.png,9
2c6d2e9e-img_1598_box0_2.png,9
d3aa6ad8-img_1527_box0_2.png,9
12dc88b6-img_0297_box0_10.png,9
38d946d8-img_0279_box0_10.png,9
8be52982-img_1009_box0_1.png,9
0c4a7400-img_1771_box0_1.png,9
00f10794-img_1529_box0_6.png,9
413eba7e-img_0344_box0_10.png,9
78183c99-img_0653_box0_2.png,9
39ab3651-img_1305_box0_4.png,9
ea452bc9-img_1270_box0_1.png,9
5a05e975-img_1723_box0_5.png,9
586ccd35-img_1984_box0_8.png,9
c7c0f7e5-img_1526_box0_2.png,9
dfffb005-img_1003_box0_2.png,9
c6813a00-img_1784_box0_1.png,9
fea7f3c4-img_1950_box0_4.png,9
dd11a07f-img_0356_box0_1.png,9
d2b04a8d-img_1500_box0_3.png,9
0367cfeb-img_1000_box0_6.png,9
112b9879-img_0863_box0_5.png,9
6e750ce3-img_0987_box0_4.png,9
f569b10c-img_1397_box0_1.png,9
775aa605-img_1579_box0_4.png,9
5701fb29-img_0721_box0_4.png,9
da26ae27-img_1590_box0_9.png,9
6085e8fd-img_0278_box0_10.png,9
72948da9-img_0726_box0_2.png,9
fbf737e2-img_0205_box0_7.png,9
1a9e2f1e-img_1775_box0_4.png,9
27863ef1-img_0388_box0_5.png,9
47049b32-img_1337_box0_1.png,9
cd8ec4b3-img_1101_box2_0.png,9
0cca3bb6-img_0478_box0_2.png,9
a8c66282-img_1608_box0_4.png,9
bc05f4bf-img_1743_box0_9.png,9
d25cb498-img_1038_box0_7.png,9
2621567a-img_1781_box0_1.png,9
bc711ef4-img_1649_box0_4.png,9
73cbd4dc-img_1647_box0_4.png,9
980d4c98-img_0729_box0_4.png,9
16614c5a-img_1251_box0_5.png,9
5a05e975-img_1723_box0_1.png,9
ec10a42d-img_0553_box0_4.png,9
ed5ba531-img_1611_box0_6.png,9
b13f9201-img_0676_box0_6.png,9
bc6e16f5-img_0860_box0_8.png,9
512eb2dd-img_1980_box0_9.png,9
89afe269-img_0911_box0_6.png,9
f02894ae-img_0184_box3_7.png,9
98984714-img_0354_box0_2.png,9
7d80d4e0-img_1780_box0_7.png,9
d20b9204-img_0582_box0_3.png,9
e80f893c-img_1991_box0_3.png,9
b44a1413-img_0639_box0_3.png,9
ca05d4bc-img_1050_box0_7.png,9
d25cb498-img_1038_box0_8.png,9
7c556ef0-img_1789_box0_2.png,9
52ff73ae-img_0604_box0_7.png,9
c0df70ac-img_1623_box0_9.png,9
15a346ce-img_0536_box0_8.png,9
1776f483-img_1322_box0_7.png,9
8e2047bf-img_0870_box0_4.png,9
a8940af0-img_0433_box0_8.png,9
3b3782de-img_1238_box0_3.png,9
587a6a75-img_1523_box0_6.png,9
0ee8a8ea-img_1726_box0_2.png,9
aae9475c-img_0751_box0_4.png,9
5896531d-img_0612_box0_4.png,9
0dfed099-img_0718_box0_4.png,9
09286b8a-img_0962_box0_2.png,9
8ac03e05-img_0280_box0_10.png,9
3297cfb7-img_0827_box0_3.png,9
ba42e381-img_0913_box0_7.png,9
c0ca3a54-img_1641_box0_3.png,9
e030770f-img_1874_box0_6.png,9
be3b82f9-img_1750_box0_7.png,9
365c5920-img_1193_box2_8.png,9
660b82b8-img_0124_box0_5.png,9
0be49d00-img_1778_box0_7.png,9
0dfed099-img_0718_box0_1.png,9
7260b1cf-img_1823_box0_2.png,9
e7e1a918-img_1541_box0_3.png,9
9fd9fb07-img_0652_box0_2.png,9
98995cb0-img_1560_box0_2.png,9
1692da6c-img_1356_box0_4.png,9
6e8550a1-img_0265_box0_7.png,9
870c1cfc-img_1088_box0_6.png,9
97581435-img_1589_box0_6.png,9
067cbc22-img_1687_box0_5.png,9
5f84c9e1-img_0581_box0_6.png,9
b9f55617-img_0316_box0_10.png,9
c14f9972-img_0101_box0_2.png,9
e20370c5-img_2012_box0_9.png,9
424b1cb2-img_0919_box0_9.png,9
e7e1a918-img_1541_box0_6.png,9
758f4c81-img_0065_box0_3.png,9
c0cc499a-img_1126_box0_4.png,9
7260b1cf-img_1823_box0_8.png,9
a718a448-img_1508_box0_1.png,9
75fe5736-img_1390_box0_6.png,9
e60040d8-img_1375_box0_6.png,9
1cd95196-img_0895_box0_1.png,9
5e4dfc92-img_0599_box0_1.png,9
006a624f-img_0166_box0_4.png,9
15a346ce-img_0536_box0_7.png,9
8acf5076-img_0769_box0_9.png,9
7e3b8032-img_1312_box0_9.png,9
3e9b6eac-img_1919_box0_2.png,9
7e7578d8-img_1908_box0_9.png,9
c5247e8a-img_0626_box0_4.png,9
775c8208-img_1432_box0_5.png,9
ef758bec-img_0731_box0_4.png,9
584e1a00-img_1279_box0_1.png,9
cbe62df5-img_1907_box0_9.png,9
1ead0e21-img_0336_box0_3.png,9
a0a9e640-img_1398_box0_2.png,9
05116ae9-img_1047_box0_6.png,9
6e7fdc2d-img_0760_box0_2.png,9
0109cd9d-img_0568_box0_6.png,9
75fe5736-img_1390_box0_1.png,9
e7e1a918-img_1541_box0_9.png,9
5f84c9e1-img_0581_box0_4.png,9
dda0864d-img_1912_box0_1.png,9
5fbf3f8e-img_1484_box0_4.png,9
fbf4d9d9-img_0355_box0_1.png,9
9b0b0a6e-img_0648_box0_5.png,9
964dbf97-img_1759_box0_1.png,9
8f5cf493-img_0298_box0_10.png,9
5fee27a4-img_1920_box0_6.png,9
05116ae9-img_1047_box0_4.png,9
1327d650-img_0840_box0_4.png,9
dacd2eb3-img_1105_box0_2.png,9
ee40173b-img_0391_box0_10.png,9
70dd8b06-img_0445_box0_8.png,9
ff735df9-img_1163_box0_5.png,9
ddbddb2b-img_1987_box0_9.png,9
a652290f-img_0077_box0_4.png,9
940149b6-img_0588_box0_7.png,9
ee1b5b49-img_1668_box0_5.png,9
c12e75d5-img_1054_box0_4.png,9
5f2a9139-img_2017_box0_9.png,9
89f90b44-img_0852_box0_3.png,9
1e4f62a1-img_1435_box0_6.png,9
dd647a7a-img_1745_box0_6.png,9
73123912-img_1048_box0_4.png,9
8c07bdd3-img_1400_box0_6.png,9
6685a87b-img_0410_box0_2.png,9
f152cd38-img_0094_box0_5.png,9
1aac4eeb-img_1073_box0_3.png,9
653ba2d2-img_0634_box0_5.png,9
983606d3-img_0615_box0_9.png,9
91713c09-img_1509_box0_6.png,9
38d61ace-img_0477_box0_2.png,9
cb6fa2a4-img_1917_box0_1.png,9
a3feb732-img_1145_box0_8.png,9
3e89662b-img_1937_box0_7.png,9
d20b9204-img_0582_box0_5.png,9
365c5920-img_1193_box1_6.png,9
6bede902-img_0741_box0_8.png,9
6788a936-img_0916_box0_8.png,9
d4346481-img_1393_box0_8.png,9
58a3f1eb-img_0748_box0_7.png,9
5ddd7beb-img_1801_box0_6.png,9
1e7e27f6-img_0283_box0_5.png,9
e72a0e62-img_0859_box0_2.png,9
cd8ec4b3-img_1101_box0_0.png,9
6824c37b-img_1144_box0_3.png,9
86df16f8-img_1971_box0_4.png,9
018e2168-img_1121_box1_2.png,9
6bf8b758-img_0315_box0_10.png,9
8acf5076-img_0769_box0_1.png,9
cb6fa2a4-img_1917_box0_2.png,9
eb2ab965-img_1018_box0_9.png,9
77974f71-img_0936_box0_9.png,9
059a723f-img_1257_box0_7.png,9
67f622b5-img_1202_box0_3.png,9
37eed58e-img_1052_box0_3.png,9
8b251970-img_0671_box0_4.png,9
15a346ce-img_0536_box0_3.png,9
2ea3b4ec-img_0851_box0_4.png,9
bc711ef4-img_1649_box0_7.png,9
9116c610-img_0908_box0_6.png,9
47982f8d-img_0206_box0_7.png,9
93908e5a-img_1013_box0_2.png,9
c5e5ca12-img_1736_box0_6.png,9
7a44796f-img_0023_box0_2.png,9
60202219-img_1791_box0_9.png,9
b46cf6a1-img_1812_box0_2.png,9
11c33b43-img_0886_box0_9.png,9
20384117-img_1136_box0_6.png,9
2a6071ee-img_0838_box0_9.png,9
b56da735-img_0275_box0_8.png,9
e643f8bf-img_0284_box0_10.png,9
15a346ce-img_0536_box0_5.png,9
349d9f9e-img_0419_box0_2.png,9
db2ed460-img_0968_box0_7.png,9
8fb0d74f-img_0239_box0_9.png,9
165a8fec-img_1708_box0_1.png,9
46789bbc-img_0264_box0_8.png,9
e8b333ae-img_1155_box0_3.png,9
a0a9e640-img_1398_box0_7.png,9
0be49d00-img_1778_box0_6.png,9
6919bf05-img_1231_box0_1.png,9
8e9a499b-img_0905_box0_4.png,9
e20370c5-img_2012_box0_7.png,9
72fb4dd7-img_0532_box0_4.png,9
b064fe88-img_1252_box0_5.png,9
a8d2edd5-img_1228_box0_4.png,9
73123912-img_1048_box0_2.png,9
7d929773-img_0670_box0_4.png,9
7d80d4e0-img_1780_box0_6.png,9
e5016549-img_1693_box0_5.png,9
f945150e-img_0946_box0_1.png,9
98076fb9-img_0281_box0_4.png,9
f20b94eb-img_0240_box0_9.png,9
c23850b7-img_1979_box0_9.png,9
52ff73ae-img_0604_box0_4.png,9
6148d762-img_0571_box0_2.png,9
6bede902-img_0741_box0_7.png,9
cffab8b6-img_1033_box0_9.png,9
5ef74347-img_1359_box0_7.png,9
c0cc499a-img_1126_box0_3.png,9
dad7dc44-img_1442_box0_7.png,9
0584d8c5-img_1814_box0_3.png,9
200ba5d6-img_1656_box0_4.png,9
dd11a07f-img_0356_box0_4.png,9
c4ad61c8-img_0021_box0_2.png,9
e23828a1-img_1154_box0_3.png,9
67f233d8-img_0453_box0_2.png,9
da7d4eee-img_1488_box1_2.png,9
b75b0d8c-img_1634_box0_4.png,9
31ca7fa9-img_1517_box0_6.png,9
338864b9-img_0455_box0_4.png,9
18d55fd4-img_0489_box0_5.png,9
192739eb-img_0000_box0_4.png,9
5519dac1-img_1787_box0_7.png,9
d4346481-img_1393_box0_3.png,9
bcbc4e25-img_1843_box0_7.png,9
f3580ba4-img_0459_box0_8.png,9
e14dd10b-img_0740_box0_6.png,9
2a0af09b-img_1818_box0_2.png,9
3e89662b-img_1937_box0_3.png,9
6c386017-img_0711_box0_4.png,9
52ff73ae-img_0604_box0_8.png,9
58e8a031-img_1587_box0_3.png,9
fbd1e025-img_0249_box0_1.png,9
e80f893c-img_1991_box0_9.png,9
9c4a8f1d-img_1802_box0_3.png,9
0f2fc44c-img_1419_box0_3.png,9
96987f1b-img_1106_box0_2.png,9
652bcdd6-img_0736_box0_9.png,9
63bb91df-img_1552_box0_6.png,9
e5219d7d-img_1485_box2_4.png,9
540ef922-img_0327_box0_5.png,9
6c386017-img_0711_box0_9.png,9
36b268c7-img_0880_box0_1.png,9
e643f8bf-img_0284_box0_5.png,9
0584d8c5-img_1814_box0_4.png,9
038b5b85-img_1621_box0_8.png,9
a85ac013-img_1936_box0_5.png,9
ed2a4138-img_0238_box0_2.png,9
6fea39c4-img_0475_box0_4.png,9
b721326d-img_1554_box0_3.png,9
79d6e7e2-img_0861_box0_2.png,9
5c3947da-img_0439_box0_10.png,9
4bb87448-img_0617_box0_3.png,9
1e4f62a1-img_1435_box0_1.png,9
116c4e82-img_1505_box0_9.png,9
29905c6b-img_0836_box0_9.png,9
dc000f60-img_0292_box0_4.png,9
67ebd32a-img_1299_box0_3.png,9
6745665f-img_1477_box0_3.png,9
644c96b2-img_1835_box0_7.png,9
3fe5512b-img_1497_box0_9.png,9
3fe3e099-img_1166_box0_9.png,9
5f84c9e1-img_0581_box0_2.png,9
c49de6d9-img_0269_box0_10.png,9
500abc6b-img_1754_box0_9.png,9
43a7ed1e-img_1740_box0_9.png,9
5fbf3f8e-img_1484_box1_1.png,9
424b1cb2-img_0919_box0_1.png,9
d2b04a8d-img_1500_box0_7.png,9
eec293f5-img_0889_box0_9.png,9
989c1c89-img_1655_box0_5.png,9
acc44457-img_1019_box0_6.png,9
761ba12f-img_1995_box0_9.png,9
078b63ee-img_0747_box0_6.png,9
121415b4-img_1083_box0_3.png,9
3648d383-img_0637_box0_4.png,9
05116ae9-img_1047_box0_2.png,9
93a8c35d-img_0514_box0_4.png,9
bb7d2bce-img_1769_box0_4.png,9
f8165b79-img_1481_box0_6.png,9
60202219-img_1791_box0_2.png,9
5f84c9e1-img_0581_box0_9.png,9
4f5682fe-img_1222_box0_3.png,9
15a02388-img_1722_box0_6.png,9
73123912-img_1048_box0_7.png,9
5910d79a-img_0250_box0_4.png,9
e5219d7d-img_1485_box0_6.png,9
365c5920-img_1193_box0_8.png,9
f32d1cbe-img_0272_box0_10.png,9
bee73163-img_0999_box0_9.png,9
3042c3d4-img_0828_box0_1.png,9
9116c610-img_0908_box0_1.png,9
8ac03e05-img_0280_box0_2.png,9
91d2a0f2-img_1977_box0_9.png,9
449f1fbd-img_1185_box0_6.png,9
be0122f8-img_0818_box0_5.png,9
1692da6c-img_1356_box0_3.png,9
60a18a34-img_1162_box2_4.png,9
2da38d94-img_0755_box0_2.png,9
27863ef1-img_0388_box0_3.png,9
a7da2905-img_0095_box0_2.png,9
1776f483-img_1322_box0_6.png,9
2e10ab34-img_1728_box0_1.png,9
dad7dc44-img_1442_box0_3.png,9
26869b9e-img_1065_box0_6.png,9
d4cdc239-img_1755_box0_9.png,9
f69036e3-img_1387_box0_2.png,9
b0baf860-img_0335_box0_3.png,9
c2434b82-img_0387_box0_10.png,9
02055fb1-img_1788_box0_2.png,9
955b1af1-img_1772_box0_1.png,9
4f0c5ac5-img_0223_box0_3.png,9
2ce46d33-img_0364_box0_8.png,9
71bc56ef-img_1499_box0_6.png,9
3648d383-img_0637_box0_2.png,9
03fdf787-img_0301_box0_7.png,9
87492f67-img_0211_box0_3.png,9
6e48e458-img_0392_box0_10.png,9
af9d9c56-img_1692_box0_3.png,9
ef12392f-img_1742_box0_5.png,9
60f05283-img_1246_box0_4.png,9
